{"stats":{"minecraft:dropped":{"minecraft:wheat_seeds":1,"minecraft:stick":3,"minecraft:filled_map":1,"minecraft:sand":9,"minecraft:arrow":9,"minecraft:bone":5},"minecraft:mined":{"minecraft:white_bed":1,"minecraft:crafting_table":4,"minecraft:short_grass":22,"minecraft:blast_furnace":2,"minecraft:grass_block":2,"minecraft:poppy":1,"minecraft:dead_bush":3,"minecraft:tall_grass":11,"minecraft:cyan_bed":1,"minecraft:oak_planks":10,"minecraft:sugar_cane":44,"minecraft:hay_block":139,"minecraft:tall_seagrass":1,"minecraft:cactus":9,"minecraft:bookshelf":4,"minecraft:oak_log":31,"minecraft:oak_stairs":1,"minecraft:sand":1,"minecraft:gravel":1,"minecraft:dirt":3,"minecraft:stone":10,"minecraft:oak_leaves":9},"minecraft:used":{"minecraft:water_bucket":2,"minecraft:stone_sword":57,"minecraft:oak_planks":17,"minecraft:shield":8,"minecraft:chest":5,"minecraft:wooden_pickaxe":10,"minecraft:stone_hoe":77,"minecraft:dirt":5,"minecraft:crafting_table":5,"minecraft:white_bed":1,"minecraft:iron_hoe":53,"minecraft:bread":13,"minecraft:iron_pickaxe":2,"minecraft:gravel":1,"minecraft:stone_axe":90,"minecraft:cobblestone":2,"minecraft:bucket":2,"minecraft:oak_boat":3},"minecraft:custom":{"minecraft:mob_kills":21,"minecraft:interact_with_crafting_table":10,"minecraft:time_since_death":41782,"minecraft:sleep_in_bed":1,"minecraft:climb_one_cm":124,"minecraft:time_since_rest":29600,"minecraft:sprint_one_cm":122626,"minecraft:damage_taken":345,"minecraft:walk_one_cm":38656,"minecraft:damage_blocked_by_shield":225,"minecraft:drop":8,"minecraft:damage_dealt":4449,"minecraft:swim_one_cm":36239,"minecraft:fly_one_cm":320113,"minecraft:open_chest":13,"minecraft:crouch_one_cm":13321,"minecraft:play_time":41782,"minecraft:sneak_time":3512,"minecraft:walk_under_water_one_cm":5395,"minecraft:boat_one_cm":159531,"minecraft:jump":1104,"minecraft:walk_on_water_one_cm":6945,"minecraft:total_world_time":41782,"minecraft:fall_one_cm":35346},"minecraft:crafted":{"minecraft:oak_planks":72,"minecraft:crafting_table":2,"minecraft:wooden_pickaxe":1,"minecraft:stone_axe":1,"minecraft:bread":96,"minecraft:oak_boat":1,"minecraft:shield":1,"minecraft:iron_hoe":1,"minecraft:stick":20,"minecraft:iron_pickaxe":1,"minecraft:stone_pickaxe":1,"minecraft:stone_sword":1,"minecraft:chest":3,"minecraft:stone_hoe":1,"minecraft:wheat":288},"minecraft:killed":{"minecraft:husk":2,"minecraft:pig":2,"minecraft:iron_golem":2,"minecraft:sheep":6,"minecraft:horse":3,"minecraft:skeleton":2,"minecraft:cow":4},"minecraft:picked_up":{"minecraft:crafting_table":4,"minecraft:leather":6,"minecraft:oak_stairs":1,"minecraft:oak_log":31,"minecraft:dirt":5,"minecraft:bone":2,"minecraft:wheat_seeds":3,"minecraft:beef":9,"minecraft:iron_ingot":7,"minecraft:oak_boat":3,"minecraft:poppy":1,"minecraft:sugar_cane":88,"minecraft:oak_planks":9,"minecraft:book":12,"minecraft:stick":5,"minecraft:dandelion":1,"minecraft:gravel":1,"minecraft:sand":1,"minecraft:porkchop":4,"minecraft:blast_furnace":2,"minecraft:white_bed":1,"minecraft:cyan_bed":1,"minecraft:cactus":20,"minecraft:arrow":1,"minecraft:hay_block":137,"minecraft:oak_sapling":1,"minecraft:black_wool":2,"minecraft:mutton":8,"minecraft:cobblestone":10,"minecraft:white_wool":4}},"DataVersion":3955}