{"stats":{"minecraft:dropped":{"minecraft:wheat_seeds":1},"minecraft:mined":{"minecraft:hay_block":74,"minecraft:white_bed":1,"minecraft:crafting_table":2,"minecraft:short_grass":18,"minecraft:poppy":1,"minecraft:bookshelf":4,"minecraft:grass_block":2,"minecraft:oak_log":31,"minecraft:oak_stairs":1,"minecraft:dirt":3,"minecraft:tall_grass":5,"minecraft:stone":10,"minecraft:sugar_cane":12,"minecraft:oak_planks":7,"minecraft:oak_leaves":9},"minecraft:used":{"minecraft:stone_sword":24,"minecraft:bread":3,"minecraft:oak_planks":7,"minecraft:chest":5,"minecraft:wooden_pickaxe":10,"minecraft:stone_hoe":77,"minecraft:stone_axe":67,"minecraft:dirt":5,"minecraft:cobblestone":2,"minecraft:crafting_table":3,"minecraft:white_bed":1},"minecraft:custom":{"minecraft:time_since_rest":5600,"minecraft:sprint_one_cm":47460,"minecraft:damage_taken":30,"minecraft:walk_one_cm":22437,"minecraft:mob_kills":16,"minecraft:drop":1,"minecraft:damage_dealt":2709,"minecraft:swim_one_cm":1852,"minecraft:interact_with_crafting_table":8,"minecraft:fly_one_cm":104165,"minecraft:open_chest":9,"minecraft:crouch_one_cm":6924,"minecraft:play_time":17782,"minecraft:sneak_time":1700,"minecraft:walk_under_water_one_cm":406,"minecraft:jump":363,"minecraft:walk_on_water_one_cm":185,"minecraft:time_since_death":17782,"minecraft:sleep_in_bed":1,"minecraft:total_world_time":17782,"minecraft:fall_one_cm":12336},"minecraft:crafted":{"minecraft:oak_planks":52,"minecraft:shield":1,"minecraft:crafting_table":1,"minecraft:stick":20,"minecraft:iron_pickaxe":1,"minecraft:wooden_pickaxe":1,"minecraft:stone_pickaxe":1,"minecraft:stone_sword":1,"minecraft:chest":3,"minecraft:stone_hoe":1,"minecraft:stone_axe":1,"minecraft:bread":96,"minecraft:wheat":288},"minecraft:killed":{"minecraft:sheep":6,"minecraft:horse":3,"minecraft:pig":2,"minecraft:iron_golem":1,"minecraft:cow":4},"minecraft:picked_up":{"minecraft:book":12,"minecraft:crafting_table":2,"minecraft:leather":6,"minecraft:dandelion":1,"minecraft:oak_stairs":1,"minecraft:porkchop":4,"minecraft:oak_log":31,"minecraft:white_bed":1,"minecraft:dirt":5,"minecraft:wheat_seeds":3,"minecraft:hay_block":74,"minecraft:iron_ingot":4,"minecraft:beef":9,"minecraft:poppy":1,"minecraft:sugar_cane":22,"minecraft:oak_sapling":1,"minecraft:black_wool":2,"minecraft:mutton":8,"minecraft:oak_planks":7,"minecraft:white_wool":4,"minecraft:cobblestone":10}},"DataVersion":3955}