{"stats":{"minecraft:used":{"minecraft:stone_sword":49,"minecraft:stone_pickaxe":69,"minecraft:wooden_pickaxe":3,"minecraft:stone_axe":67,"minecraft:golden_leggings":1,"minecraft:golden_helmet":1,"minecraft:light_gray_wool":1,"minecraft:dirt":14,"minecraft:cobblestone":30,"minecraft:crafting_table":3,"minecraft:red_bed":2,"minecraft:furnace":2,"minecraft:cooked_beef":5,"minecraft:oak_boat":2},"minecraft:picked_up":{"minecraft:crafting_table":3,"minecraft:feather":8,"minecraft:chicken":11,"minecraft:leather":15,"minecraft:porkchop":21,"minecraft:oak_log":29,"minecraft:spruce_sapling":1,"minecraft:dirt":14,"minecraft:red_bed":2,"minecraft:wheat_seeds":6,"minecraft:beef":23,"minecraft:oak_boat":2,"minecraft:poppy":1,"minecraft:light_gray_wool":1,"minecraft:black_wool":1,"minecraft:mutton":18,"minecraft:coal":13,"minecraft:white_wool":9,"minecraft:cobblestone":55,"minecraft:furnace":2},"minecraft:custom":{"minecraft:time_since_rest":4122,"minecraft:interact_with_furnace":9,"minecraft:sprint_one_cm":139546,"minecraft:damage_taken":103,"minecraft:walk_one_cm":34335,"minecraft:mob_kills":47,"minecraft:damage_dealt":3819,"minecraft:swim_one_cm":11573,"minecraft:interact_with_crafting_table":5,"minecraft:fly_one_cm":190773,"minecraft:open_chest":1,"minecraft:crouch_one_cm":5960,"minecraft:play_time":33137,"minecraft:sneak_time":3787,"minecraft:walk_under_water_one_cm":430,"minecraft:boat_one_cm":26486,"minecraft:jump":866,"minecraft:leave_game":2,"minecraft:walk_on_water_one_cm":1705,"minecraft:time_since_death":33137,"minecraft:sleep_in_bed":2,"minecraft:total_world_time":33137,"minecraft:climb_one_cm":182,"minecraft:fall_one_cm":26484},"minecraft:killed":{"minecraft:sheep":11,"minecraft:pig":13,"minecraft:chicken":11,"minecraft:cow":12},"minecraft:mined":{"minecraft:large_fern":11,"minecraft:furnace":2,"minecraft:red_bed":2,"minecraft:crafting_table":3,"minecraft:short_grass":35,"minecraft:oak_log":29,"minecraft:grass_block":7,"minecraft:coal_ore":13,"minecraft:poppy":1,"minecraft:dirt":7,"minecraft:cobblestone":3,"minecraft:spruce_leaves":4,"minecraft:stone":52,"minecraft:oak_leaves":11,"minecraft:fern":24},"minecraft:crafted":{"minecraft:cooked_beef":8,"minecraft:red_dye":1,"minecraft:oak_boat":1,"minecraft:oak_planks":24,"minecraft:crafting_table":1,"minecraft:stick":8,"minecraft:stone_pickaxe":1,"minecraft:wooden_pickaxe":1,"minecraft:stone_sword":1,"minecraft:red_bed":1,"minecraft:furnace":2,"minecraft:white_bed":1,"minecraft:stone_axe":1,"minecraft:air":0,"minecraft:cooked_mutton":8}},"DataVersion":3953}