{"stats":{"minecraft:dropped":{"minecraft:glass_bottle":1,"minecraft:jungle_planks":2,"minecraft:emerald":17,"minecraft:cobblestone_stairs":1,"minecraft:flint":7,"minecraft:dirt":21,"minecraft:yellow_dye":11,"minecraft:gold_nugget":2,"minecraft:sand":3,"minecraft:white_wool":13,"minecraft:bone":13,"minecraft:iron_nugget":2,"minecraft:golden_chestplate":1,"minecraft:cobbled_deepslate":1,"minecraft:rotten_flesh":8,"minecraft:oak_planks":19,"minecraft:white_bed":1,"minecraft:carrot":12,"minecraft:leather_leggings":1,"minecraft:arrow":2,"minecraft:stone_hoe":2,"minecraft:bread":85,"minecraft:wheat_seeds":7,"minecraft:golden_helmet":1,"minecraft:cobblestone":3,"minecraft:stick":12,"minecraft:torch":16,"minecraft:iron_axe":1,"minecraft:chainmail_leggings":13,"minecraft:string":4,"minecraft:acacia_planks":56,"minecraft:dandelion":1,"minecraft:kelp":30,"minecraft:bowl":3,"minecraft:iron_boots":10,"minecraft:iron_hoe":1,"minecraft:filled_map":1,"minecraft:potato":1,"minecraft:shield":8,"minecraft:spruce_planks":1,"minecraft:oak_sapling":2,"minecraft:spruce_log":1},"minecraft:mined":{"minecraft:dark_oak_planks":13,"minecraft:white_bed":14,"minecraft:spruce_planks":16,"minecraft:jungle_slab":1,"minecraft:cobblestone_stairs":1,"minecraft:brewing_stand":3,"minecraft:obsidian":18,"minecraft:granite":8,"minecraft:acacia_log":6,"minecraft:grass_block":592,"minecraft:smooth_stone":2,"minecraft:tall_seagrass":2,"minecraft:iron_ore":24,"minecraft:fire":4,"minecraft:fletching_table":4,"minecraft:dark_oak_stairs":3,"minecraft:brown_bed":1,"minecraft:water_cauldron":4,"minecraft:dirt_path":53,"minecraft:oak_stairs":3,"minecraft:spruce_slab":18,"minecraft:deepslate_redstone_ore":19,"minecraft:kelp_plant":1,"minecraft:torch":3,"minecraft:jungle_stairs":1,"minecraft:blast_furnace":1,"minecraft:chest":1,"minecraft:cobblestone":116,"minecraft:sugar_cane":93,"minecraft:grindstone":1,"minecraft:oak_planks":57,"minecraft:iron_door":2,"minecraft:wall_torch":7,"minecraft:dark_oak_door":1,"minecraft:birch_log":13,"minecraft:oak_log":51,"minecraft:sand":200,"minecraft:dirt":546,"minecraft:oak_leaves":23,"minecraft:deepslate":112,"minecraft:tuff":4,"minecraft:mossy_cobblestone":15,"minecraft:deepslate_diamond_ore":18,"minecraft:dark_oak_log":2,"minecraft:jungle_planks":5,"minecraft:spruce_leaves":223,"minecraft:kelp":1,"minecraft:cartography_table":1,"minecraft:sandstone":1,"minecraft:hay_block":75,"minecraft:redstone_ore":7,"minecraft:oak_trapdoor":2,"minecraft:spruce_sapling":10,"minecraft:furnace":6,"minecraft:andesite":47,"minecraft:gold_block":4,"minecraft:bookshelf":10,"minecraft:deepslate_iron_ore":31,"minecraft:stone":324,"minecraft:podzol":91,"minecraft:birch_stairs":1,"minecraft:dandelion":1,"minecraft:oak_fence":8,"minecraft:crafting_table":11,"minecraft:short_grass":363,"minecraft:lectern":496,"minecraft:tall_grass":15,"minecraft:deepslate_gold_ore":4,"minecraft:birch_planks":5,"minecraft:cobblestone_wall":1,"minecraft:spruce_log":2992,"minecraft:yellow_bed":16,"minecraft:coal_ore":76,"minecraft:sunflower":3,"minecraft:gravel":82,"minecraft:fern":3},"minecraft:used":{"minecraft:iron_shovel":1289,"minecraft:spruce_slab":159,"minecraft:poppy":10,"minecraft:shield":52,"minecraft:chest":8,"minecraft:iron_sword":193,"minecraft:bell":1,"minecraft:iron_chestplate":1,"minecraft:tuff":4,"minecraft:spruce_boat":15,"minecraft:iron_helmet":1,"minecraft:golden_sword":9,"minecraft:bow":24,"minecraft:furnace":7,"minecraft:oak_sapling":3,"minecraft:cooked_cod":6,"minecraft:egg":1,"minecraft:leather_leggings":1,"minecraft:diamond_boots":1,"minecraft:stone_pickaxe":85,"minecraft:oak_planks":61,"minecraft:wooden_pickaxe":4,"minecraft:diamond_axe":2288,"minecraft:sugar_cane":59,"minecraft:blast_furnace":2,"minecraft:shears":1,"minecraft:bread":22,"minecraft:lectern":496,"minecraft:gravel":61,"minecraft:diamond_sword":134,"minecraft:grindstone":1,"minecraft:andesite":16,"minecraft:oak_boat":17,"minecraft:bone_meal":7,"minecraft:oak_trapdoor":1,"minecraft:stone_sword":92,"minecraft:flint_and_steel":5,"minecraft:spruce_planks":75,"minecraft:cooked_salmon":13,"minecraft:stone_hoe":124,"minecraft:torch":37,"minecraft:dirt":280,"minecraft:anvil":2,"minecraft:diamond_helmet":1,"minecraft:golden_shovel":32,"minecraft:iron_hoe":82,"minecraft:bookshelf":6,"minecraft:iron_axe":1586,"minecraft:oak_stairs":1,"minecraft:iron_boots":1,"minecraft:diamond_chestplate":1,"minecraft:cobbled_deepslate":58,"minecraft:iron_leggings":1,"minecraft:brown_bed":2,"minecraft:cooked_mutton":10,"minecraft:water_bucket":72,"minecraft:birch_planks":7,"minecraft:cartography_table":2,"minecraft:birch_boat":4,"minecraft:fletching_table":8,"minecraft:crafting_table":16,"minecraft:white_bed":21,"minecraft:spruce_log":49,"minecraft:smoker":4,"minecraft:diamond_pickaxe":538,"minecraft:diamond_shovel":201,"minecraft:suspicious_stew":3,"minecraft:iron_pickaxe":251,"minecraft:spruce_trapdoor":5,"minecraft:spruce_sapling":174,"minecraft:stone_axe":104,"minecraft:cobblestone":147,"minecraft:potion":1,"minecraft:cooked_porkchop":35,"minecraft:bucket":72,"minecraft:yellow_bed":16,"minecraft:smooth_stone":1,"minecraft:diamond_leggings":1},"minecraft:custom":{"minecraft:interact_with_crafting_table":65,"minecraft:bell_ring":66,"minecraft:leave_game":7,"minecraft:time_since_death":634919,"minecraft:sprint_one_cm":1241576,"minecraft:damage_blocked_by_shield":4295,"minecraft:drop":109,"minecraft:talked_to_villager":827,"minecraft:play_time":634919,"minecraft:jump":7558,"minecraft:walk_on_water_one_cm":29363,"minecraft:interact_with_furnace":35,"minecraft:traded_with_villager":876,"minecraft:sleep_in_bed":36,"minecraft:damage_dealt":40850,"minecraft:crouch_one_cm":248881,"minecraft:interact_with_smoker":16,"minecraft:mob_kills":200,"minecraft:interact_with_anvil":17,"minecraft:climb_one_cm":2184,"minecraft:walk_one_cm":873741,"minecraft:sneak_time":100235,"minecraft:walk_under_water_one_cm":22263,"minecraft:boat_one_cm":938421,"minecraft:total_world_time":634919,"minecraft:interact_with_grindstone":1,"minecraft:time_since_rest":2492,"minecraft:damage_taken":3301,"minecraft:swim_one_cm":78770,"minecraft:fly_one_cm":1533684,"minecraft:open_chest":237,"minecraft:fall_one_cm":137003},"minecraft:broken":{"minecraft:iron_shovel":3,"minecraft:golden_shovel":1,"minecraft:stone_axe":1,"minecraft:iron_sword":1,"minecraft:iron_axe":3,"minecraft:iron_pickaxe":1},"minecraft:crafted":{"minecraft:yellow_wool":3,"minecraft:smooth_stone":3,"minecraft:oak_planks":140,"minecraft:birch_boat":1,"minecraft:stone":3,"minecraft:diamond_shovel":1,"minecraft:bookshelf":9,"minecraft:cooked_mutton":8,"minecraft:glass":180,"minecraft:diamond_helmet":1,"minecraft:diamond_leggings":1,"minecraft:bow":2,"minecraft:iron_boots":11,"minecraft:chest":5,"minecraft:stone_hoe":2,"minecraft:smoker":4,"minecraft:arrow":192,"minecraft:emerald":770,"minecraft:cooked_porkchop":137,"minecraft:diamond_axe":1,"minecraft:map":4,"minecraft:crafting_table":5,"minecraft:spruce_planks":11628,"minecraft:iron_helmet":1,"minecraft:wooden_pickaxe":1,"minecraft:brown_bed":1,"minecraft:fletching_table":4,"minecraft:birch_planks":60,"minecraft:cartography_table":1,"minecraft:spruce_trapdoor":6,"minecraft:lectern":5,"minecraft:paper":114,"minecraft:diamond_pickaxe":1,"minecraft:yellow_dye":14,"minecraft:shield":11,"minecraft:stick":22762,"minecraft:iron_ingot":25,"minecraft:compass":2,"minecraft:iron_block":6,"minecraft:stone_sword":1,"minecraft:gold_ingot":39,"minecraft:shears":1,"minecraft:furnace":6,"minecraft:blast_furnace":1,"minecraft:yellow_bed":1,"minecraft:bone_meal":39,"minecraft:glass_pane":368,"minecraft:iron_axe":27,"minecraft:iron_hoe":1,"minecraft:spruce_slab":288,"minecraft:stone_pickaxe":1,"minecraft:diamond_boots":1,"minecraft:filled_map":2,"minecraft:spruce_boat":2,"minecraft:chainmail_leggings":12,"minecraft:wheat":207,"minecraft:cooked_beef":61,"minecraft:diamond_sword":1,"minecraft:iron_sword":1,"minecraft:stone_axe":1,"minecraft:enchanted_book":20,"minecraft:bread":89,"minecraft:air":0,"minecraft:oak_boat":1,"minecraft:golden_apple":8,"minecraft:iron_shovel":6,"minecraft:iron_leggings":1,"minecraft:anvil":2,"minecraft:white_bed":7,"minecraft:acacia_planks":24,"minecraft:torch":24,"minecraft:diamond_chestplate":1},"minecraft:killed":{"minecraft:witch":1,"minecraft:spider":5,"minecraft:skeleton":13,"minecraft:chicken":1,"minecraft:pig":59,"minecraft:zombie_villager":3,"minecraft:iron_golem":20,"minecraft:creeper":6,"minecraft:sheep":27,"minecraft:trader_llama":2,"minecraft:zombie":25,"minecraft:cow":28,"minecraft:vindicator":3,"minecraft:bat":1,"minecraft:wandering_trader":1},"minecraft:picked_up":{"minecraft:lead":1,"minecraft:oak_stairs":1,"minecraft:brown_bed":1,"minecraft:brewing_stand":3,"minecraft:string":5,"minecraft:cobbled_deepslate":117,"minecraft:gold_nugget":1,"minecraft:smooth_stone":2,"minecraft:spruce_planks":16,"minecraft:furnace":6,"minecraft:stick":246,"minecraft:oak_fence":8,"minecraft:torch":26,"minecraft:acacia_log":6,"minecraft:porkchop":135,"minecraft:cauldron":4,"minecraft:rotten_flesh":24,"minecraft:obsidian":18,"minecraft:cobblestone":437,"minecraft:birch_log":13,"minecraft:feather":1,"minecraft:iron_door":2,"minecraft:andesite":47,"minecraft:brown_wool":4,"minecraft:potato":1,"minecraft:flint":6,"minecraft:tuff":4,"minecraft:dirt":1315,"minecraft:bone":32,"minecraft:acacia_planks":38,"minecraft:wheat_seeds":42,"minecraft:raw_gold":6,"minecraft:bell":1,"minecraft:grindstone":1,"minecraft:fletching_table":4,"minecraft:oak_planks":56,"minecraft:jungle_planks":4,"minecraft:sand":200,"minecraft:jungle_slab":1,"minecraft:mossy_cobblestone":15,"minecraft:diamond":41,"minecraft:spruce_boat":14,"minecraft:granite":8,"minecraft:emerald":18,"minecraft:bread":4,"minecraft:oak_sapling":3,"minecraft:crafting_table":11,"minecraft:azure_bluet":1,"minecraft:chicken":1,"minecraft:gold_block":4,"minecraft:shield":2,"minecraft:oak_trapdoor":2,"minecraft:iron_axe":1,"minecraft:cartography_table":1,"minecraft:beef":61,"minecraft:oak_boat":17,"minecraft:spruce_slab":19,"minecraft:poppy":17,"minecraft:light_gray_wool":3,"minecraft:lectern":496,"minecraft:chest":1,"minecraft:sugar_cane":172,"minecraft:egg":1,"minecraft:raw_iron":125,"minecraft:redstone":159,"minecraft:dark_oak_planks":11,"minecraft:arrow":6,"minecraft:jungle_stairs":1,"minecraft:hay_block":83,"minecraft:mutton":39,"minecraft:white_wool":35,"minecraft:oxeye_daisy":1,"minecraft:leather":33,"minecraft:birch_planks":4,"minecraft:oak_log":51,"minecraft:cobblestone_wall":1,"minecraft:yellow_bed":16,"minecraft:gunpowder":4,"minecraft:cobblestone_stairs":1,"minecraft:apple":1,"minecraft:kelp":22,"minecraft:iron_ingot":80,"minecraft:dark_oak_stairs":2,"minecraft:book":30,"minecraft:birch_boat":4,"minecraft:dandelion":4,"minecraft:gravel":76,"minecraft:birch_stairs":1,"minecraft:spruce_sapling":386,"minecraft:blast_furnace":1,"minecraft:white_bed":15,"minecraft:spruce_log":2989,"minecraft:spider_eye":1,"minecraft:chainmail_leggings":1,"minecraft:black_wool":1,"minecraft:coal":82,"minecraft:sunflower":3}},"DataVersion":3955}