{"stats":{"minecraft:picked_up":{"minecraft:crafting_table":4,"minecraft:wheat":1,"minecraft:oak_door":1,"minecraft:bowl":1,"minecraft:filled_map":1,"minecraft:gravel":11,"minecraft:gold_block":2,"minecraft:flint":2,"minecraft:sand":4,"minecraft:oak_log":9,"minecraft:spruce_log":1,"minecraft:dirt":4,"minecraft:oak_boat":10,"minecraft:oak_sapling":2,"minecraft:cobblestone":49},"minecraft:custom":{"minecraft:time_since_rest":38849,"minecraft:sprint_one_cm":10762,"minecraft:damage_taken":679,"minecraft:walk_one_cm":4954,"minecraft:mob_kills":4,"minecraft:drop":13,"minecraft:damage_dealt":889,"minecraft:interact_with_crafting_table":10,"minecraft:swim_one_cm":106753,"minecraft:fly_one_cm":29837,"minecraft:open_chest":18,"minecraft:crouch_one_cm":3203,"minecraft:play_time":38849,"minecraft:sneak_time":3044,"minecraft:walk_under_water_one_cm":27444,"minecraft:boat_one_cm":435871,"minecraft:jump":176,"minecraft:leave_game":4,"minecraft:walk_on_water_one_cm":5756,"minecraft:time_since_death":38849,"minecraft:total_world_time":38849,"minecraft:fall_one_cm":5087},"minecraft:dropped":{"minecraft:filled_map":3,"minecraft:gravel":11,"minecraft:stone_sword":1,"minecraft:bowl":2,"minecraft:wheat":1,"minecraft:map":1,"minecraft:potion":2,"minecraft:sand":1,"minecraft:stone_pickaxe":1},"minecraft:mined":{"minecraft:seagrass":1,"minecraft:tall_seagrass":6,"minecraft:mossy_stone_brick_slab":1,"minecraft:spruce_log":1,"minecraft:crafting_table":4,"minecraft:gold_block":2,"minecraft:short_grass":1,"minecraft:oak_log":9,"minecraft:dirt":4,"minecraft:gravel":19,"minecraft:sand":4,"minecraft:cobblestone":2,"minecraft:stone":47,"minecraft:oak_leaves":8},"minecraft:crafted":{"minecraft:oak_door":3,"minecraft:oak_boat":1,"minecraft:oak_planks":36,"minecraft:crafting_table":3,"minecraft:stick":12,"minecraft:wooden_pickaxe":1,"minecraft:iron_pickaxe":1,"minecraft:stone_pickaxe":1,"minecraft:stone_sword":1,"minecraft:iron_shovel":1,"minecraft:stone_axe":1,"minecraft:bread":11},"minecraft:used":{"minecraft:stone_sword":2,"minecraft:iron_shovel":22,"minecraft:bread":9,"minecraft:stone_pickaxe":46,"minecraft:glass_bottle":2,"minecraft:suspicious_stew":1,"minecraft:iron_pickaxe":3,"minecraft:leather_chestplate":1,"minecraft:wooden_pickaxe":3,"minecraft:iron_sword":16,"minecraft:oak_door":4,"minecraft:stone_axe":14,"minecraft:sand":3,"minecraft:dirt":4,"minecraft:cobblestone":4,"minecraft:potion":2,"minecraft:crafting_table":7,"minecraft:oak_boat":11},"minecraft:killed":{"minecraft:drowned":4}},"DataVersion":3953}