{"stats":{"minecraft:used":{"minecraft:stone_sword":78,"minecraft:stone_pickaxe":106,"minecraft:oak_planks":4,"minecraft:wooden_pickaxe":3,"minecraft:stone_hoe":10,"minecraft:dirt":15,"minecraft:crafting_table":6,"minecraft:red_bed":3,"minecraft:azure_bluet":1,"minecraft:golden_leggings":1,"minecraft:golden_helmet":1,"minecraft:stone_axe":78,"minecraft:light_gray_wool":1,"minecraft:cobblestone":35,"minecraft:furnace":2,"minecraft:oak_boat":8,"minecraft:cooked_beef":8,"minecraft:golden_axe":2,"minecraft:dandelion":1,"minecraft:dark_oak_sapling":1},"minecraft:picked_up":{"minecraft:crafting_table":6,"minecraft:feather":8,"minecraft:azure_bluet":1,"minecraft:chicken":11,"minecraft:leather":19,"minecraft:oak_log":29,"minecraft:dirt":15,"minecraft:red_bed":3,"minecraft:wheat_seeds":9,"minecraft:beef":27,"minecraft:oak_boat":8,"minecraft:poppy":1,"minecraft:light_gray_wool":1,"minecraft:sugar_cane":13,"minecraft:furnace":2,"minecraft:dark_oak_sapling":1,"minecraft:stick":4,"minecraft:dandelion":1,"minecraft:porkchop":33,"minecraft:spruce_sapling":2,"minecraft:black_wool":2,"minecraft:mutton":24,"minecraft:coal":31,"minecraft:white_wool":12,"minecraft:cobblestone":73},"minecraft:custom":{"minecraft:interact_with_furnace":9,"minecraft:mob_kills":61,"minecraft:interact_with_crafting_table":9,"minecraft:leave_game":3,"minecraft:time_since_death":47709,"minecraft:sleep_in_bed":3,"minecraft:climb_one_cm":182,"minecraft:time_since_rest":4700,"minecraft:sprint_one_cm":187726,"minecraft:damage_taken":188,"minecraft:walk_one_cm":48475,"minecraft:damage_dealt":5129,"minecraft:swim_one_cm":14165,"minecraft:fly_one_cm":265425,"minecraft:open_chest":4,"minecraft:crouch_one_cm":8125,"minecraft:play_time":47709,"minecraft:sneak_time":4692,"minecraft:walk_under_water_one_cm":1226,"minecraft:boat_one_cm":94382,"minecraft:jump":1244,"minecraft:walk_on_water_one_cm":2852,"minecraft:total_world_time":47709,"minecraft:fall_one_cm":36597},"minecraft:killed":{"minecraft:pig":20,"minecraft:sheep":15,"minecraft:chicken":11,"minecraft:cow":15},"minecraft:mined":{"minecraft:red_bed":3,"minecraft:crafting_table":6,"minecraft:short_grass":51,"minecraft:grass_block":8,"minecraft:poppy":1,"minecraft:cobblestone":4,"minecraft:spruce_leaves":14,"minecraft:sugar_cane":8,"minecraft:large_fern":11,"minecraft:furnace":2,"minecraft:coal_ore":31,"minecraft:oak_log":29,"minecraft:dirt":7,"minecraft:stone":69,"minecraft:oak_leaves":11,"minecraft:fern":24},"minecraft:crafted":{"minecraft:cooked_beef":8,"minecraft:red_dye":1,"minecraft:oak_planks":72,"minecraft:crafting_table":1,"minecraft:wooden_pickaxe":1,"minecraft:red_bed":1,"minecraft:furnace":2,"minecraft:stone_axe":1,"minecraft:cooked_mutton":8,"minecraft:air":0,"minecraft:oak_boat":1,"minecraft:shield":1,"minecraft:stick":12,"minecraft:iron_ingot":2,"minecraft:stone_pickaxe":1,"minecraft:stone_sword":1,"minecraft:white_bed":1,"minecraft:stone_hoe":1}},"DataVersion":3953}