{"stats":{"minecraft:broken":{"minecraft:golden_axe":1},"minecraft:used":{"minecraft:stone_sword":92,"minecraft:flint_and_steel":1,"minecraft:armor_stand":1,"minecraft:chest":6,"minecraft:shield":40,"minecraft:stone_hoe":92,"minecraft:torch":4,"minecraft:dirt":32,"minecraft:azure_bluet":1,"minecraft:bookshelf":4,"minecraft:lantern":1,"minecraft:oak_stairs":4,"minecraft:light_gray_wool":1,"minecraft:furnace":9,"minecraft:oak_sapling":1,"minecraft:cooked_beef":8,"minecraft:cobbled_deepslate":12,"minecraft:golden_axe":33,"minecraft:dark_oak_sapling":1,"minecraft:cooked_mutton":8,"minecraft:water_bucket":9,"minecraft:oak_planks":24,"minecraft:stone_pickaxe":114,"minecraft:wooden_pickaxe":3,"minecraft:crafting_table":11,"minecraft:oak_slab":5,"minecraft:red_bed":5,"minecraft:blast_furnace":2,"minecraft:smoker":3,"minecraft:oak_log":4,"minecraft:iron_pickaxe":54,"minecraft:golden_leggings":1,"minecraft:golden_helmet":1,"minecraft:stone_axe":127,"minecraft:diamond_sword":38,"minecraft:cobblestone":46,"minecraft:cooked_porkchop":6,"minecraft:bucket":10,"minecraft:oak_boat":10,"minecraft:coarse_dirt":1,"minecraft:dandelion":1,"minecraft:smooth_stone":1},"minecraft:picked_up":{"minecraft:crafting_table":10,"minecraft:coarse_dirt":1,"minecraft:azure_bluet":1,"minecraft:chicken":11,"minecraft:oak_stairs":12,"minecraft:cornflower":1,"minecraft:red_bed":4,"minecraft:flint_and_steel":1,"minecraft:smooth_stone":1,"minecraft:cobbled_deepslate":19,"minecraft:beef":28,"minecraft:oak_boat":10,"minecraft:poppy":1,"minecraft:light_gray_wool":1,"minecraft:lectern":3,"minecraft:sugar_cane":13,"minecraft:chest":2,"minecraft:furnace":9,"minecraft:dark_oak_sapling":1,"minecraft:stick":8,"minecraft:torch":3,"minecraft:porkchop":35,"minecraft:carrot":4,"minecraft:arrow":13,"minecraft:rotten_flesh":2,"minecraft:mutton":24,"minecraft:cobblestone":96,"minecraft:white_wool":12,"minecraft:feather":8,"minecraft:leather":21,"minecraft:smoker":1,"minecraft:potato":4,"minecraft:tuff":1,"minecraft:oak_log":53,"minecraft:cobblestone_stairs":9,"minecraft:dirt":32,"minecraft:bone":9,"minecraft:wheat_seeds":32,"minecraft:oak_planks":11,"minecraft:book":24,"minecraft:dandelion":2,"minecraft:spruce_sapling":4,"minecraft:blast_furnace":2,"minecraft:mossy_cobblestone":2,"minecraft:diamond":17,"minecraft:bread":5,"minecraft:coal":31,"minecraft:oak_sapling":1,"minecraft:black_wool":2},"minecraft:custom":{"minecraft:mob_kills":81,"minecraft:interact_with_crafting_table":19,"minecraft:leave_game":3,"minecraft:time_since_death":101709,"minecraft:climb_one_cm":266,"minecraft:sprint_one_cm":323075,"minecraft:walk_one_cm":123870,"minecraft:damage_blocked_by_shield":2258,"minecraft:drop":18,"minecraft:play_time":101709,"minecraft:sneak_time":7241,"minecraft:walk_under_water_one_cm":2605,"minecraft:boat_one_cm":117096,"minecraft:jump":2443,"minecraft:walk_on_water_one_cm":5920,"minecraft:total_world_time":101709,"minecraft:interact_with_furnace":14,"minecraft:sleep_in_bed":4,"minecraft:time_since_rest":19471,"minecraft:damage_taken":1074,"minecraft:damage_dealt":9000,"minecraft:swim_one_cm":22263,"minecraft:fly_one_cm":551213,"minecraft:open_chest":32,"minecraft:crouch_one_cm":16845,"minecraft:interact_with_smoker":4,"minecraft:fall_one_cm":80640},"minecraft:killed":{"minecraft:spider":1,"minecraft:skeleton":11,"minecraft:chicken":11,"minecraft:pig":21,"minecraft:sheep":15,"minecraft:zombie":6,"minecraft:cow":16},"minecraft:mined":{"minecraft:tuff":1,"minecraft:mossy_cobblestone":1,"minecraft:deepslate_diamond_ore":17,"minecraft:cobblestone_stairs":6,"minecraft:grass_block":8,"minecraft:spruce_leaves":96,"minecraft:large_fern":14,"minecraft:smooth_stone":1,"minecraft:furnace":9,"minecraft:carrots":4,"minecraft:fire":1,"minecraft:bookshelf":8,"minecraft:potatoes":4,"minecraft:oak_stairs":11,"minecraft:stone":71,"minecraft:red_bed":4,"minecraft:smoker":1,"minecraft:crafting_table":10,"minecraft:short_grass":97,"minecraft:blast_furnace":2,"minecraft:poppy":1,"minecraft:chest":3,"minecraft:lectern":2,"minecraft:tall_grass":11,"minecraft:cobblestone":12,"minecraft:sugar_cane":8,"minecraft:oak_planks":11,"minecraft:coarse_dirt":1,"minecraft:wheat":3,"minecraft:oak_log":53,"minecraft:coal_ore":31,"minecraft:dirt":10,"minecraft:deepslate":16,"minecraft:oak_leaves":17,"minecraft:fern":29},"minecraft:crafted":{"minecraft:oak_planks":112,"minecraft:smooth_stone":3,"minecraft:smooth_stone_slab":6,"minecraft:iron_nugget":9,"minecraft:furnace":2,"minecraft:stone":3,"minecraft:bookshelf":4,"minecraft:cooked_mutton":8,"minecraft:lantern":1,"minecraft:stone_pickaxe":1,"minecraft:chest":4,"minecraft:stone_hoe":1,"minecraft:smoker":2,"minecraft:cooked_beef":8,"minecraft:red_dye":1,"minecraft:oak_slab":6,"minecraft:diamond_sword":1,"minecraft:cooked_porkchop":32,"minecraft:crafting_table":2,"minecraft:wooden_pickaxe":1,"minecraft:red_bed":1,"minecraft:bucket":1,"minecraft:stone_axe":2,"minecraft:air":0,"minecraft:oak_boat":1,"minecraft:shield":1,"minecraft:stick":28,"minecraft:iron_ingot":4,"minecraft:stone_sword":1,"minecraft:armor_stand":1,"minecraft:white_bed":1,"minecraft:torch":4},"minecraft:dropped":{"minecraft:stone_hoe":1,"minecraft:bread":5,"minecraft:wheat_seeds":14,"minecraft:mossy_cobblestone":1,"minecraft:feather":8,"minecraft:cobblestone":13,"minecraft:cobblestone_stairs":3,"minecraft:torch":1,"minecraft:oak_stairs":1,"minecraft:stone_sword":1,"minecraft:carrot":4,"minecraft:lectern":1}},"DataVersion":3953}