{"stats":{"minecraft:broken":{"minecraft:shield":1,"minecraft:golden_axe":1},"minecraft:used":{"minecraft:enchanting_table":1,"minecraft:stone_sword":92,"minecraft:flint_and_steel":1,"minecraft:armor_stand":1,"minecraft:chest":10,"minecraft:shield":54,"minecraft:stone_hoe":92,"minecraft:torch":4,"minecraft:dirt":32,"minecraft:tuff":5,"minecraft:azure_bluet":1,"minecraft:bookshelf":4,"minecraft:lantern":1,"minecraft:oak_stairs":4,"minecraft:item_frame":2,"minecraft:light_gray_wool":1,"minecraft:furnace":13,"minecraft:oak_sapling":1,"minecraft:cooked_beef":8,"minecraft:cobbled_deepslate":29,"minecraft:golden_axe":33,"minecraft:dark_oak_sapling":1,"minecraft:cooked_mutton":8,"minecraft:water_bucket":43,"minecraft:oak_planks":24,"minecraft:stone_pickaxe":114,"minecraft:wooden_pickaxe":3,"minecraft:crafting_table":12,"minecraft:oak_slab":5,"minecraft:red_bed":5,"minecraft:blast_furnace":3,"minecraft:smoker":6,"minecraft:oak_log":4,"minecraft:diamond_pickaxe":16,"minecraft:iron_pickaxe":156,"minecraft:golden_leggings":1,"minecraft:golden_helmet":1,"minecraft:stone_axe":134,"minecraft:diamond_sword":84,"minecraft:cobblestone":57,"minecraft:cooked_porkchop":17,"minecraft:bucket":43,"minecraft:oak_boat":10,"minecraft:coarse_dirt":1,"minecraft:dandelion":1,"minecraft:smooth_stone":1},"minecraft:picked_up":{"minecraft:crafting_table":11,"minecraft:coarse_dirt":1,"minecraft:azure_bluet":1,"minecraft:chicken":22,"minecraft:wooden_pickaxe":1,"minecraft:oak_stairs":15,"minecraft:golden_sword":1,"minecraft:cornflower":2,"minecraft:red_bed":4,"minecraft:smooth_stone_slab":5,"minecraft:flint_and_steel":2,"minecraft:item_frame":1,"minecraft:gold_nugget":15,"minecraft:smooth_stone":1,"minecraft:cobbled_deepslate":52,"minecraft:beef":48,"minecraft:oak_boat":10,"minecraft:iron_nugget":2,"minecraft:iron_pickaxe":1,"minecraft:poppy":1,"minecraft:light_gray_wool":1,"minecraft:lectern":5,"minecraft:sugar_cane":13,"minecraft:chest":6,"minecraft:egg":1,"minecraft:furnace":13,"minecraft:raw_iron":24,"minecraft:dark_oak_sapling":1,"minecraft:stick":15,"minecraft:torch":4,"minecraft:porkchop":38,"minecraft:carrot":4,"minecraft:arrow":17,"minecraft:rotten_flesh":18,"minecraft:obsidian":5,"minecraft:mutton":40,"minecraft:cobblestone":105,"minecraft:white_wool":21,"minecraft:feather":8,"minecraft:leather":21,"minecraft:smoker":4,"minecraft:potato":8,"minecraft:flint":4,"minecraft:tuff":5,"minecraft:oak_log":53,"minecraft:cobblestone_stairs":15,"minecraft:lapis_lazuli":21,"minecraft:dirt":32,"minecraft:bone":18,"minecraft:apple":3,"minecraft:wheat_seeds":41,"minecraft:raw_gold":5,"minecraft:oak_planks":12,"minecraft:book":24,"minecraft:oak_slab":1,"minecraft:dandelion":3,"minecraft:spruce_sapling":8,"minecraft:blast_furnace":3,"minecraft:mossy_cobblestone":3,"minecraft:diamond":33,"minecraft:bread":16,"minecraft:coal":35,"minecraft:oak_sapling":1,"minecraft:black_wool":2},"minecraft:custom":{"minecraft:mob_kills":97,"minecraft:interact_with_crafting_table":29,"minecraft:leave_game":3,"minecraft:time_since_death":125709,"minecraft:climb_one_cm":266,"minecraft:sprint_one_cm":357270,"minecraft:walk_one_cm":164392,"minecraft:damage_blocked_by_shield":3057,"minecraft:drop":18,"minecraft:play_time":125709,"minecraft:sneak_time":12718,"minecraft:walk_under_water_one_cm":33090,"minecraft:boat_one_cm":117096,"minecraft:jump":2839,"minecraft:interact_with_blast_furnace":2,"minecraft:walk_on_water_one_cm":17104,"minecraft:total_world_time":125709,"minecraft:interact_with_furnace":18,"minecraft:sleep_in_bed":5,"minecraft:time_since_rest":2521,"minecraft:damage_taken":1988,"minecraft:damage_dealt":11921,"minecraft:swim_one_cm":24590,"minecraft:fly_one_cm":619541,"minecraft:open_chest":51,"minecraft:crouch_one_cm":23632,"minecraft:interact_with_smoker":4,"minecraft:fall_one_cm":93332},"minecraft:killed":{"minecraft:spider":3,"minecraft:skeleton":15,"minecraft:chicken":11,"minecraft:pig":21,"minecraft:sheep":15,"minecraft:zombie":16,"minecraft:cow":16},"minecraft:mined":{"minecraft:tuff":5,"minecraft:mossy_cobblestone":1,"minecraft:deepslate_diamond_ore":32,"minecraft:cobblestone_stairs":6,"minecraft:obsidian":8,"minecraft:grass_block":8,"minecraft:spruce_leaves":96,"minecraft:large_fern":14,"minecraft:smooth_stone":1,"minecraft:furnace":13,"minecraft:carrots":4,"minecraft:iron_ore":13,"minecraft:fire":1,"minecraft:bookshelf":8,"minecraft:potatoes":4,"minecraft:deepslate_iron_ore":12,"minecraft:oak_stairs":11,"minecraft:stone":80,"minecraft:red_bed":4,"minecraft:smoker":4,"minecraft:crafting_table":11,"minecraft:short_grass":97,"minecraft:blast_furnace":3,"minecraft:poppy":1,"minecraft:chest":7,"minecraft:lectern":2,"minecraft:tall_grass":11,"minecraft:cobblestone":14,"minecraft:lapis_ore":3,"minecraft:sugar_cane":8,"minecraft:oak_planks":11,"minecraft:coarse_dirt":1,"minecraft:wheat":3,"minecraft:oak_log":53,"minecraft:coal_ore":36,"minecraft:dirt":10,"minecraft:gold_ore":5,"minecraft:deepslate":50,"minecraft:oak_leaves":17,"minecraft:fern":29},"minecraft:crafted":{"minecraft:oak_planks":112,"minecraft:smooth_stone":3,"minecraft:smooth_stone_slab":6,"minecraft:iron_nugget":9,"minecraft:furnace":2,"minecraft:stone":3,"minecraft:bookshelf":4,"minecraft:cooked_mutton":8,"minecraft:lantern":1,"minecraft:diamond_helmet":1,"minecraft:diamond_leggings":1,"minecraft:stone_pickaxe":1,"minecraft:chest":4,"minecraft:diamond_boots":1,"minecraft:stone_hoe":1,"minecraft:smoker":2,"minecraft:cooked_beef":8,"minecraft:red_dye":1,"minecraft:item_frame":1,"minecraft:oak_slab":6,"minecraft:diamond_sword":1,"minecraft:cooked_porkchop":32,"minecraft:crafting_table":2,"minecraft:enchanting_table":1,"minecraft:wooden_pickaxe":1,"minecraft:red_bed":1,"minecraft:bucket":1,"minecraft:stone_axe":2,"minecraft:air":0,"minecraft:oak_boat":1,"minecraft:diamond_pickaxe":1,"minecraft:shield":1,"minecraft:stick":28,"minecraft:iron_ingot":8,"minecraft:stone_sword":1,"minecraft:armor_stand":1,"minecraft:white_bed":1,"minecraft:torch":4,"minecraft:diamond_chestplate":1},"minecraft:dropped":{"minecraft:stone_hoe":1,"minecraft:bread":5,"minecraft:wheat_seeds":14,"minecraft:mossy_cobblestone":1,"minecraft:feather":8,"minecraft:cobblestone":13,"minecraft:cobblestone_stairs":3,"minecraft:torch":1,"minecraft:oak_stairs":1,"minecraft:stone_sword":1,"minecraft:carrot":4,"minecraft:lectern":1}},"DataVersion":3953}