{"stats":{"minecraft:dropped":{"minecraft:stone_hoe":2,"minecraft:bread":85,"minecraft:wheat_seeds":7,"minecraft:golden_helmet":1,"minecraft:glass_bottle":1,"minecraft:jungle_planks":2,"minecraft:stick":12,"minecraft:flint":7,"minecraft:cobblestone_stairs":1,"minecraft:emerald":17,"minecraft:dirt":14,"minecraft:torch":16,"minecraft:yellow_dye":11,"minecraft:gold_nugget":2,"minecraft:sand":3,"minecraft:chainmail_leggings":13,"minecraft:string":4,"minecraft:white_wool":13,"minecraft:acacia_planks":56,"minecraft:bone":13,"minecraft:dandelion":1,"minecraft:kelp":28,"minecraft:iron_nugget":2,"minecraft:golden_chestplate":1,"minecraft:bowl":3,"minecraft:rotten_flesh":7,"minecraft:oak_planks":19,"minecraft:iron_boots":10,"minecraft:iron_hoe":1,"minecraft:white_bed":1,"minecraft:carrot":12,"minecraft:filled_map":1,"minecraft:potato":1,"minecraft:shield":8,"minecraft:spruce_planks":1,"minecraft:oak_sapling":2,"minecraft:leather_leggings":1,"minecraft:spruce_log":1,"minecraft:arrow":2},"minecraft:mined":{"minecraft:dark_oak_planks":13,"minecraft:spruce_planks":16,"minecraft:white_bed":14,"minecraft:mossy_cobblestone":15,"minecraft:jungle_slab":1,"minecraft:cobblestone_stairs":1,"minecraft:dark_oak_log":2,"minecraft:brewing_stand":3,"minecraft:acacia_log":6,"minecraft:grass_block":589,"minecraft:jungle_planks":5,"minecraft:spruce_leaves":219,"minecraft:kelp":1,"minecraft:sandstone":1,"minecraft:hay_block":75,"minecraft:smooth_stone":2,"minecraft:tall_seagrass":2,"minecraft:oak_trapdoor":2,"minecraft:spruce_sapling":10,"minecraft:furnace":6,"minecraft:iron_ore":3,"minecraft:fire":4,"minecraft:andesite":44,"minecraft:fletching_table":4,"minecraft:brown_bed":1,"minecraft:gold_block":4,"minecraft:dark_oak_stairs":3,"minecraft:bookshelf":9,"minecraft:dirt_path":53,"minecraft:water_cauldron":4,"minecraft:oak_stairs":3,"minecraft:stone":266,"minecraft:spruce_slab":18,"minecraft:podzol":91,"minecraft:birch_stairs":1,"minecraft:kelp_plant":1,"minecraft:dandelion":1,"minecraft:oak_fence":8,"minecraft:crafting_table":11,"minecraft:torch":3,"minecraft:jungle_stairs":1,"minecraft:short_grass":351,"minecraft:blast_furnace":1,"minecraft:chest":1,"minecraft:lectern":496,"minecraft:tall_grass":15,"minecraft:cobblestone":116,"minecraft:oak_planks":57,"minecraft:grindstone":1,"minecraft:sugar_cane":36,"minecraft:wall_torch":7,"minecraft:birch_planks":5,"minecraft:cobblestone_wall":1,"minecraft:dark_oak_door":1,"minecraft:birch_log":13,"minecraft:spruce_log":2574,"minecraft:yellow_bed":13,"minecraft:coal_ore":71,"minecraft:oak_log":51,"minecraft:sunflower":3,"minecraft:gravel":82,"minecraft:sand":17,"minecraft:dirt":531,"minecraft:oak_leaves":17,"minecraft:fern":2},"minecraft:used":{"minecraft:oak_trapdoor":1,"minecraft:stone_sword":92,"minecraft:iron_shovel":1289,"minecraft:flint_and_steel":5,"minecraft:spruce_slab":159,"minecraft:poppy":10,"minecraft:chest":8,"minecraft:spruce_planks":75,"minecraft:shield":23,"minecraft:iron_sword":193,"minecraft:bell":1,"minecraft:cooked_salmon":13,"minecraft:stone_hoe":124,"minecraft:iron_chestplate":1,"minecraft:torch":37,"minecraft:dirt":267,"minecraft:anvil":2,"minecraft:diamond_helmet":1,"minecraft:golden_shovel":32,"minecraft:spruce_boat":10,"minecraft:iron_hoe":82,"minecraft:bookshelf":5,"minecraft:iron_axe":1586,"minecraft:oak_stairs":1,"minecraft:iron_helmet":1,"minecraft:iron_boots":1,"minecraft:diamond_chestplate":1,"minecraft:golden_sword":9,"minecraft:oak_sapling":3,"minecraft:furnace":6,"minecraft:cooked_cod":6,"minecraft:egg":1,"minecraft:brown_bed":2,"minecraft:iron_leggings":1,"minecraft:cooked_mutton":10,"minecraft:water_bucket":46,"minecraft:leather_leggings":1,"minecraft:diamond_boots":1,"minecraft:birch_planks":7,"minecraft:stone_pickaxe":85,"minecraft:cartography_table":1,"minecraft:oak_planks":61,"minecraft:wooden_pickaxe":4,"minecraft:birch_boat":4,"minecraft:diamond_axe":1868,"minecraft:sugar_cane":59,"minecraft:fletching_table":8,"minecraft:crafting_table":16,"minecraft:blast_furnace":2,"minecraft:white_bed":21,"minecraft:smoker":4,"minecraft:shears":1,"minecraft:spruce_log":28,"minecraft:diamond_pickaxe":227,"minecraft:bread":22,"minecraft:iron_pickaxe":251,"minecraft:suspicious_stew":3,"minecraft:lectern":496,"minecraft:spruce_trapdoor":5,"minecraft:spruce_sapling":154,"minecraft:gravel":61,"minecraft:stone_axe":104,"minecraft:cobblestone":113,"minecraft:potion":1,"minecraft:grindstone":1,"minecraft:cooked_porkchop":19,"minecraft:andesite":13,"minecraft:bucket":46,"minecraft:yellow_bed":14,"minecraft:oak_boat":17,"minecraft:diamond_leggings":1,"minecraft:bone_meal":7,"minecraft:smooth_stone":1},"minecraft:broken":{"minecraft:iron_shovel":3,"minecraft:golden_shovel":1,"minecraft:iron_axe":3,"minecraft:iron_sword":1,"minecraft:stone_axe":1,"minecraft:iron_pickaxe":1},"minecraft:custom":{"minecraft:interact_with_anvil":9,"minecraft:mob_kills":156,"minecraft:interact_with_crafting_table":57,"minecraft:bell_ring":66,"minecraft:leave_game":7,"minecraft:time_since_death":556919,"minecraft:climb_one_cm":2184,"minecraft:sprint_one_cm":942137,"minecraft:walk_one_cm":781988,"minecraft:damage_blocked_by_shield":1386,"minecraft:drop":99,"minecraft:talked_to_villager":770,"minecraft:play_time":556919,"minecraft:sneak_time":87811,"minecraft:walk_under_water_one_cm":18989,"minecraft:boat_one_cm":729690,"minecraft:jump":5682,"minecraft:walk_on_water_one_cm":23407,"minecraft:total_world_time":556919,"minecraft:interact_with_furnace":19,"minecraft:traded_with_villager":692,"minecraft:interact_with_grindstone":1,"minecraft:sleep_in_bed":32,"minecraft:time_since_rest":6207,"minecraft:damage_taken":2559,"minecraft:damage_dealt":28214,"minecraft:swim_one_cm":70368,"minecraft:fly_one_cm":1187312,"minecraft:open_chest":192,"minecraft:crouch_one_cm":219830,"minecraft:interact_with_smoker":15,"minecraft:fall_one_cm":100451},"minecraft:crafted":{"minecraft:oak_planks":140,"minecraft:smooth_stone":3,"minecraft:yellow_wool":3,"minecraft:birch_boat":1,"minecraft:furnace":6,"minecraft:blast_furnace":1,"minecraft:stone":3,"minecraft:yellow_bed":1,"minecraft:bone_meal":39,"minecraft:bookshelf":8,"minecraft:cooked_mutton":8,"minecraft:diamond_helmet":1,"minecraft:diamond_leggings":1,"minecraft:iron_boots":11,"minecraft:iron_axe":27,"minecraft:spruce_slab":288,"minecraft:iron_hoe":1,"minecraft:stone_pickaxe":1,"minecraft:chest":5,"minecraft:diamond_boots":1,"minecraft:spruce_boat":2,"minecraft:stone_hoe":2,"minecraft:chainmail_leggings":12,"minecraft:wheat":207,"minecraft:smoker":4,"minecraft:cooked_beef":61,"minecraft:diamond_sword":1,"minecraft:emerald":611,"minecraft:cooked_porkchop":137,"minecraft:diamond_axe":1,"minecraft:crafting_table":5,"minecraft:spruce_planks":9900,"minecraft:wooden_pickaxe":1,"minecraft:iron_helmet":1,"minecraft:iron_sword":1,"minecraft:brown_bed":1,"minecraft:fletching_table":4,"minecraft:birch_planks":60,"minecraft:enchanted_book":16,"minecraft:stone_axe":1,"minecraft:cartography_table":1,"minecraft:bread":89,"minecraft:air":0,"minecraft:oak_boat":1,"minecraft:spruce_trapdoor":6,"minecraft:lectern":5,"minecraft:yellow_dye":14,"minecraft:diamond_pickaxe":1,"minecraft:shield":11,"minecraft:stick":19306,"minecraft:iron_ingot":23,"minecraft:iron_block":6,"minecraft:stone_sword":1,"minecraft:gold_ingot":3,"minecraft:iron_shovel":6,"minecraft:iron_leggings":1,"minecraft:anvil":2,"minecraft:white_bed":7,"minecraft:acacia_planks":24,"minecraft:torch":24,"minecraft:shears":1,"minecraft:diamond_chestplate":1},"minecraft:killed":{"minecraft:spider":3,"minecraft:skeleton":5,"minecraft:chicken":1,"minecraft:pig":59,"minecraft:zombie_villager":3,"minecraft:iron_golem":13,"minecraft:wandering_trader":1,"minecraft:creeper":3,"minecraft:sheep":27,"minecraft:trader_llama":2,"minecraft:zombie":10,"minecraft:cow":28},"minecraft:picked_up":{"minecraft:crafting_table":11,"minecraft:azure_bluet":1,"minecraft:chicken":1,"minecraft:lead":1,"minecraft:oak_stairs":1,"minecraft:brown_bed":1,"minecraft:gold_block":4,"minecraft:brewing_stand":3,"minecraft:shield":2,"minecraft:oak_trapdoor":2,"minecraft:string":4,"minecraft:gold_nugget":1,"minecraft:smooth_stone":2,"minecraft:spruce_planks":16,"minecraft:beef":61,"minecraft:oak_boat":17,"minecraft:poppy":11,"minecraft:light_gray_wool":3,"minecraft:spruce_slab":19,"minecraft:lectern":496,"minecraft:sugar_cane":58,"minecraft:chest":1,"minecraft:egg":1,"minecraft:furnace":6,"minecraft:stick":220,"minecraft:raw_iron":3,"minecraft:oak_fence":8,"minecraft:torch":26,"minecraft:acacia_log":6,"minecraft:porkchop":135,"minecraft:cauldron":4,"minecraft:dark_oak_planks":11,"minecraft:arrow":2,"minecraft:rotten_flesh":6,"minecraft:jungle_stairs":1,"minecraft:hay_block":83,"minecraft:mutton":39,"minecraft:white_wool":35,"minecraft:cobblestone":380,"minecraft:oxeye_daisy":1,"minecraft:birch_log":13,"minecraft:feather":1,"minecraft:andesite":44,"minecraft:brown_wool":4,"minecraft:leather":33,"minecraft:potato":1,"minecraft:birch_planks":4,"minecraft:flint":6,"minecraft:gunpowder":4,"minecraft:oak_log":51,"minecraft:yellow_bed":13,"minecraft:cobblestone_wall":1,"minecraft:cobblestone_stairs":1,"minecraft:dirt":1295,"minecraft:bone":26,"minecraft:acacia_planks":38,"minecraft:apple":1,"minecraft:kelp":20,"minecraft:wheat_seeds":41,"minecraft:bell":1,"minecraft:iron_ingot":53,"minecraft:grindstone":1,"minecraft:fletching_table":4,"minecraft:oak_planks":56,"minecraft:dark_oak_stairs":2,"minecraft:book":27,"minecraft:birch_boat":4,"minecraft:dandelion":4,"minecraft:gravel":76,"minecraft:sand":20,"minecraft:birch_stairs":1,"minecraft:jungle_planks":4,"minecraft:spruce_sapling":333,"minecraft:blast_furnace":1,"minecraft:white_bed":15,"minecraft:spruce_log":2572,"minecraft:jungle_slab":1,"minecraft:mossy_cobblestone":15,"minecraft:spruce_boat":9,"minecraft:chainmail_leggings":1,"minecraft:bread":4,"minecraft:emerald":17,"minecraft:oak_sapling":3,"minecraft:black_wool":1,"minecraft:coal":71,"minecraft:sunflower":3}},"DataVersion":3955}