{"stats":{"minecraft:used":{"minecraft:cooked_mutton":3,"minecraft:stone_sword":87,"minecraft:flint_and_steel":1,"minecraft:stone_pickaxe":114,"minecraft:oak_planks":22,"minecraft:wooden_pickaxe":3,"minecraft:stone_hoe":92,"minecraft:dirt":18,"minecraft:crafting_table":8,"minecraft:red_bed":3,"minecraft:azure_bluet":1,"minecraft:golden_leggings":1,"minecraft:golden_helmet":1,"minecraft:stone_axe":78,"minecraft:light_gray_wool":1,"minecraft:cobblestone":35,"minecraft:furnace":2,"minecraft:bucket":1,"minecraft:oak_boat":10,"minecraft:cooked_beef":8,"minecraft:coarse_dirt":1,"minecraft:golden_axe":13,"minecraft:dandelion":1,"minecraft:dark_oak_sapling":1},"minecraft:picked_up":{"minecraft:coarse_dirt":1,"minecraft:crafting_table":8,"minecraft:feather":8,"minecraft:azure_bluet":1,"minecraft:chicken":11,"minecraft:leather":21,"minecraft:smoker":1,"minecraft:potato":4,"minecraft:oak_log":33,"minecraft:dirt":18,"minecraft:red_bed":3,"minecraft:flint_and_steel":1,"minecraft:wheat_seeds":18,"minecraft:beef":28,"minecraft:oak_boat":10,"minecraft:poppy":1,"minecraft:light_gray_wool":1,"minecraft:sugar_cane":13,"minecraft:oak_planks":1,"minecraft:furnace":6,"minecraft:dark_oak_sapling":1,"minecraft:stick":8,"minecraft:dandelion":1,"minecraft:porkchop":35,"minecraft:spruce_sapling":4,"minecraft:blast_furnace":1,"minecraft:carrot":4,"minecraft:bread":5,"minecraft:black_wool":2,"minecraft:mutton":24,"minecraft:coal":31,"minecraft:white_wool":12,"minecraft:cobblestone":75},"minecraft:custom":{"minecraft:interact_with_furnace":9,"minecraft:mob_kills":63,"minecraft:interact_with_crafting_table":11,"minecraft:leave_game":3,"minecraft:time_since_death":71709,"minecraft:sleep_in_bed":3,"minecraft:climb_one_cm":266,"minecraft:time_since_rest":28700,"minecraft:sprint_one_cm":240613,"minecraft:damage_taken":339,"minecraft:walk_one_cm":64636,"minecraft:drop":7,"minecraft:damage_dealt":5329,"minecraft:swim_one_cm":19195,"minecraft:fly_one_cm":378291,"minecraft:open_chest":8,"minecraft:crouch_one_cm":9159,"minecraft:play_time":71709,"minecraft:sneak_time":4971,"minecraft:walk_under_water_one_cm":1862,"minecraft:boat_one_cm":117096,"minecraft:jump":1719,"minecraft:walk_on_water_one_cm":4657,"minecraft:total_world_time":71709,"minecraft:fall_one_cm":53483},"minecraft:killed":{"minecraft:pig":21,"minecraft:sheep":15,"minecraft:chicken":11,"minecraft:cow":16},"minecraft:mined":{"minecraft:red_bed":3,"minecraft:smoker":1,"minecraft:crafting_table":8,"minecraft:short_grass":66,"minecraft:blast_furnace":1,"minecraft:grass_block":8,"minecraft:poppy":1,"minecraft:chest":1,"minecraft:tall_grass":6,"minecraft:cobblestone":4,"minecraft:spruce_leaves":96,"minecraft:oak_planks":1,"minecraft:sugar_cane":8,"minecraft:large_fern":14,"minecraft:coarse_dirt":1,"minecraft:furnace":6,"minecraft:carrots":4,"minecraft:fire":1,"minecraft:wheat":3,"minecraft:potatoes":4,"minecraft:coal_ore":31,"minecraft:oak_log":33,"minecraft:dirt":10,"minecraft:stone":71,"minecraft:oak_leaves":15,"minecraft:fern":29},"minecraft:crafted":{"minecraft:cooked_beef":8,"minecraft:red_dye":1,"minecraft:oak_planks":72,"minecraft:crafting_table":1,"minecraft:wooden_pickaxe":1,"minecraft:red_bed":1,"minecraft:furnace":2,"minecraft:bucket":1,"minecraft:stone_axe":1,"minecraft:cooked_mutton":8,"minecraft:air":0,"minecraft:oak_boat":1,"minecraft:shield":1,"minecraft:stick":12,"minecraft:iron_ingot":4,"minecraft:stone_pickaxe":1,"minecraft:stone_sword":1,"minecraft:white_bed":1,"minecraft:stone_hoe":1},"minecraft:dropped":{"minecraft:bread":5,"minecraft:stone_hoe":1,"minecraft:wheat_seeds":5,"minecraft:feather":8,"minecraft:carrot":4}},"DataVersion":3953}