{"stats":{"minecraft:custom":{"minecraft:mob_kills":23,"minecraft:interact_with_crafting_table":12,"minecraft:leave_game":2,"minecraft:time_since_death":60013,"minecraft:sleep_in_bed":4,"minecraft:climb_one_cm":354,"minecraft:time_since_rest":1491,"minecraft:sprint_one_cm":180960,"minecraft:damage_taken":455,"minecraft:walk_one_cm":56449,"minecraft:damage_blocked_by_shield":225,"minecraft:drop":18,"minecraft:damage_dealt":6449,"minecraft:swim_one_cm":42791,"minecraft:fly_one_cm":481199,"minecraft:open_chest":22,"minecraft:crouch_one_cm":17865,"minecraft:play_time":60013,"minecraft:sneak_time":5290,"minecraft:walk_under_water_one_cm":5869,"minecraft:boat_one_cm":235832,"minecraft:jump":1669,"minecraft:walk_on_water_one_cm":8427,"minecraft:total_world_time":60013,"minecraft:fall_one_cm":55024},"minecraft:mined":{"minecraft:white_bed":1,"minecraft:crafting_table":6,"minecraft:short_grass":43,"minecraft:blast_furnace":2,"minecraft:grass_block":2,"minecraft:poppy":1,"minecraft:dead_bush":3,"minecraft:tall_grass":14,"minecraft:cyan_bed":2,"minecraft:sugar_cane":46,"minecraft:oak_planks":13,"minecraft:hay_block":253,"minecraft:tall_seagrass":1,"minecraft:cactus":9,"minecraft:gold_block":2,"minecraft:bell":1,"minecraft:bookshelf":4,"minecraft:oak_log":31,"minecraft:oak_stairs":1,"minecraft:dirt":3,"minecraft:gravel":1,"minecraft:sand":1,"minecraft:stone":10,"minecraft:oak_leaves":16,"minecraft:fern":5},"minecraft:killed":{"minecraft:husk":2,"minecraft:pig":2,"minecraft:iron_golem":4,"minecraft:horse":3,"minecraft:sheep":6,"minecraft:skeleton":2,"minecraft:cow":4},"minecraft:crafted":{"minecraft:oak_planks":96,"minecraft:crafting_table":2,"minecraft:wooden_pickaxe":1,"minecraft:iron_sword":1,"minecraft:stone_axe":1,"minecraft:bread":96,"minecraft:oak_boat":1,"minecraft:shield":1,"minecraft:iron_axe":1,"minecraft:iron_hoe":1,"minecraft:stick":28,"minecraft:iron_pickaxe":1,"minecraft:stone_pickaxe":1,"minecraft:stone_sword":1,"minecraft:chest":3,"minecraft:gold_ingot":19,"minecraft:stone_hoe":1,"minecraft:wheat":288},"minecraft:broken":{"minecraft:golden_hoe":1,"minecraft:stone_axe":1},"minecraft:picked_up":{"minecraft:crafting_table":6,"minecraft:leather":6,"minecraft:oak_stairs":1,"minecraft:gold_block":2,"minecraft:oak_log":31,"minecraft:dirt":5,"minecraft:bone":2,"minecraft:wheat_seeds":6,"minecraft:gold_nugget":2,"minecraft:bell":1,"minecraft:iron_ingot":15,"minecraft:beef":9,"minecraft:oak_boat":4,"minecraft:poppy":4,"minecraft:sugar_cane":92,"minecraft:oak_planks":12,"minecraft:book":12,"minecraft:stick":5,"minecraft:dandelion":1,"minecraft:gravel":1,"minecraft:porkchop":4,"minecraft:sand":1,"minecraft:blast_furnace":2,"minecraft:white_bed":1,"minecraft:cyan_bed":2,"minecraft:stone_sword":1,"minecraft:cactus":20,"minecraft:arrow":1,"minecraft:hay_block":251,"minecraft:oak_sapling":1,"minecraft:black_wool":2,"minecraft:mutton":8,"minecraft:cobblestone":10,"minecraft:white_wool":4},"minecraft:used":{"minecraft:water_bucket":5,"minecraft:stone_sword":62,"minecraft:poppy":1,"minecraft:oak_planks":31,"minecraft:chest":5,"minecraft:shield":8,"minecraft:wooden_pickaxe":10,"minecraft:iron_sword":15,"minecraft:bell":1,"minecraft:stone_hoe":77,"minecraft:golden_hoe":33,"minecraft:dirt":5,"minecraft:crafting_table":7,"minecraft:white_bed":1,"minecraft:iron_hoe":147,"minecraft:iron_axe":7,"minecraft:bread":20,"minecraft:cyan_bed":1,"minecraft:iron_pickaxe":5,"minecraft:gravel":1,"minecraft:golden_helmet":1,"minecraft:stone_axe":95,"minecraft:cobblestone":2,"minecraft:bucket":5,"minecraft:oak_boat":5},"minecraft:dropped":{"minecraft:wheat_seeds":4,"minecraft:stone_sword":2,"minecraft:stick":3,"minecraft:poppy":2,"minecraft:filled_map":1,"minecraft:gold_nugget":4,"minecraft:sand":9,"minecraft:arrow":9,"minecraft:stone_pickaxe":1,"minecraft:bone":5}},"DataVersion":3955}