{"stats":{"minecraft:used":{"minecraft:stone_sword":92,"minecraft:iron_shovel":556,"minecraft:flint_and_steel":5,"minecraft:spruce_slab":147,"minecraft:poppy":2,"minecraft:chest":6,"minecraft:spruce_planks":25,"minecraft:shield":22,"minecraft:iron_sword":37,"minecraft:bell":1,"minecraft:cooked_salmon":13,"minecraft:stone_hoe":124,"minecraft:iron_chestplate":1,"minecraft:torch":32,"minecraft:dirt":61,"minecraft:golden_shovel":32,"minecraft:spruce_boat":1,"minecraft:iron_hoe":82,"minecraft:iron_axe":678,"minecraft:oak_stairs":1,"minecraft:iron_helmet":1,"minecraft:iron_boots":1,"minecraft:golden_sword":9,"minecraft:oak_sapling":3,"minecraft:furnace":6,"minecraft:cooked_cod":6,"minecraft:iron_leggings":1,"minecraft:cooked_mutton":10,"minecraft:water_bucket":8,"minecraft:leather_leggings":1,"minecraft:birch_planks":5,"minecraft:stone_pickaxe":85,"minecraft:wooden_pickaxe":4,"minecraft:birch_boat":4,"minecraft:fletching_table":7,"minecraft:crafting_table":15,"minecraft:blast_furnace":2,"minecraft:white_bed":11,"minecraft:smoker":4,"minecraft:spruce_log":6,"minecraft:diamond_pickaxe":169,"minecraft:bread":22,"minecraft:iron_pickaxe":251,"minecraft:suspicious_stew":3,"minecraft:spruce_trapdoor":5,"minecraft:spruce_sapling":36,"minecraft:gravel":61,"minecraft:stone_axe":104,"minecraft:cobblestone":97,"minecraft:potion":1,"minecraft:grindstone":1,"minecraft:bucket":8,"minecraft:yellow_bed":13,"minecraft:oak_boat":17,"minecraft:bone_meal":7,"minecraft:smooth_stone":1},"minecraft:broken":{"minecraft:golden_shovel":1,"minecraft:stone_axe":1,"minecraft:iron_pickaxe":1},"minecraft:picked_up":{"minecraft:crafting_table":10,"minecraft:azure_bluet":1,"minecraft:chicken":1,"minecraft:lead":1,"minecraft:oak_stairs":1,"minecraft:gold_block":4,"minecraft:brewing_stand":3,"minecraft:shield":2,"minecraft:oak_trapdoor":1,"minecraft:string":4,"minecraft:gold_nugget":1,"minecraft:smooth_stone":2,"minecraft:spruce_planks":2,"minecraft:beef":61,"minecraft:oak_boat":17,"minecraft:poppy":3,"minecraft:spruce_slab":13,"minecraft:light_gray_wool":1,"minecraft:lectern":1,"minecraft:chest":1,"minecraft:sugar_cane":56,"minecraft:furnace":6,"minecraft:stick":67,"minecraft:raw_iron":3,"minecraft:oak_fence":8,"minecraft:torch":20,"minecraft:acacia_log":6,"minecraft:porkchop":135,"minecraft:cauldron":4,"minecraft:dark_oak_planks":11,"minecraft:rotten_flesh":5,"minecraft:arrow":2,"minecraft:jungle_stairs":1,"minecraft:hay_block":83,"minecraft:mutton":39,"minecraft:white_wool":17,"minecraft:cobblestone":352,"minecraft:oxeye_daisy":1,"minecraft:birch_log":13,"minecraft:feather":1,"minecraft:andesite":27,"minecraft:brown_wool":1,"minecraft:leather":33,"minecraft:potato":1,"minecraft:birch_planks":2,"minecraft:flint":6,"minecraft:oak_log":25,"minecraft:yellow_bed":12,"minecraft:cobblestone_wall":1,"minecraft:cobblestone_stairs":1,"minecraft:dirt":524,"minecraft:bone":26,"minecraft:acacia_planks":38,"minecraft:apple":1,"minecraft:kelp":20,"minecraft:wheat_seeds":21,"minecraft:bell":1,"minecraft:grindstone":1,"minecraft:iron_ingot":13,"minecraft:fletching_table":4,"minecraft:oak_planks":1,"minecraft:dark_oak_stairs":2,"minecraft:book":12,"minecraft:birch_boat":4,"minecraft:dandelion":4,"minecraft:gravel":76,"minecraft:jungle_planks":4,"minecraft:sand":20,"minecraft:birch_stairs":1,"minecraft:spruce_sapling":79,"minecraft:blast_furnace":1,"minecraft:white_bed":11,"minecraft:spruce_log":481,"minecraft:jungle_slab":1,"minecraft:mossy_cobblestone":15,"minecraft:chainmail_leggings":1,"minecraft:emerald":16,"minecraft:oak_sapling":3,"minecraft:black_wool":1,"minecraft:coal":71,"minecraft:sunflower":3},"minecraft:dropped":{"minecraft:stone_hoe":2,"minecraft:wheat_seeds":7,"minecraft:golden_helmet":1,"minecraft:glass_bottle":1,"minecraft:jungle_planks":2,"minecraft:stick":12,"minecraft:flint":7,"minecraft:cobblestone_stairs":1,"minecraft:emerald":16,"minecraft:dirt":14,"minecraft:torch":16,"minecraft:yellow_dye":11,"minecraft:gold_nugget":2,"minecraft:sand":3,"minecraft:chainmail_leggings":13,"minecraft:string":4,"minecraft:white_wool":13,"minecraft:acacia_planks":56,"minecraft:dandelion":1,"minecraft:bone":13,"minecraft:kelp":28,"minecraft:iron_nugget":2,"minecraft:golden_chestplate":1,"minecraft:bowl":3,"minecraft:rotten_flesh":7,"minecraft:iron_boots":10,"minecraft:oak_planks":19,"minecraft:iron_hoe":1,"minecraft:white_bed":1,"minecraft:carrot":12,"minecraft:filled_map":1,"minecraft:potato":1,"minecraft:shield":8,"minecraft:spruce_planks":1,"minecraft:oak_sapling":2,"minecraft:leather_leggings":1,"minecraft:spruce_log":1,"minecraft:arrow":2},"minecraft:crafted":{"minecraft:oak_planks":36,"minecraft:yellow_wool":3,"minecraft:smooth_stone":3,"minecraft:birch_boat":1,"minecraft:furnace":6,"minecraft:blast_furnace":1,"minecraft:stone":3,"minecraft:yellow_bed":1,"minecraft:bone_meal":39,"minecraft:cooked_mutton":8,"minecraft:diamond_helmet":1,"minecraft:diamond_leggings":1,"minecraft:iron_boots":11,"minecraft:iron_axe":13,"minecraft:spruce_slab":282,"minecraft:iron_hoe":1,"minecraft:stone_pickaxe":1,"minecraft:chest":3,"minecraft:diamond_boots":1,"minecraft:spruce_boat":1,"minecraft:stone_hoe":2,"minecraft:chainmail_leggings":12,"minecraft:smoker":4,"minecraft:emerald":110,"minecraft:cooked_porkchop":9,"minecraft:crafting_table":5,"minecraft:spruce_planks":1928,"minecraft:wooden_pickaxe":1,"minecraft:iron_helmet":1,"minecraft:iron_sword":1,"minecraft:fletching_table":3,"minecraft:birch_planks":60,"minecraft:stone_axe":1,"minecraft:bread":20,"minecraft:air":0,"minecraft:oak_boat":1,"minecraft:spruce_trapdoor":6,"minecraft:diamond_pickaxe":1,"minecraft:yellow_dye":14,"minecraft:shield":11,"minecraft:stick":3452,"minecraft:iron_ingot":5,"minecraft:stone_sword":1,"minecraft:gold_ingot":3,"minecraft:iron_shovel":4,"minecraft:iron_leggings":1,"minecraft:white_bed":1,"minecraft:acacia_planks":24,"minecraft:torch":24,"minecraft:diamond_chestplate":1},"minecraft:custom":{"minecraft:mob_kills":138,"minecraft:interact_with_crafting_table":34,"minecraft:bell_ring":61,"minecraft:leave_game":5,"minecraft:time_since_death":251272,"minecraft:climb_one_cm":2184,"minecraft:sprint_one_cm":507077,"minecraft:walk_one_cm":329080,"minecraft:damage_blocked_by_shield":1326,"minecraft:drop":96,"minecraft:talked_to_villager":42,"minecraft:play_time":251272,"minecraft:sneak_time":28156,"minecraft:walk_under_water_one_cm":18356,"minecraft:boat_one_cm":662990,"minecraft:jump":3359,"minecraft:walk_on_water_one_cm":13932,"minecraft:total_world_time":251272,"minecraft:interact_with_furnace":13,"minecraft:traded_with_villager":154,"minecraft:sleep_in_bed":13,"minecraft:time_since_rest":15384,"minecraft:damage_taken":1959,"minecraft:damage_dealt":16685,"minecraft:swim_one_cm":70368,"minecraft:fly_one_cm":781282,"minecraft:open_chest":129,"minecraft:crouch_one_cm":82758,"minecraft:interact_with_smoker":6,"minecraft:fall_one_cm":78378},"minecraft:killed":{"minecraft:spider":2,"minecraft:skeleton":4,"minecraft:chicken":1,"minecraft:pig":59,"minecraft:zombie_villager":3,"minecraft:iron_golem":3,"minecraft:wandering_trader":1,"minecraft:creeper":1,"minecraft:sheep":27,"minecraft:trader_llama":2,"minecraft:zombie":6,"minecraft:cow":28},"minecraft:mined":{"minecraft:dark_oak_planks":13,"minecraft:spruce_planks":2,"minecraft:white_bed":10,"minecraft:mossy_cobblestone":15,"minecraft:jungle_slab":1,"minecraft:cobblestone_stairs":1,"minecraft:dark_oak_log":2,"minecraft:brewing_stand":3,"minecraft:acacia_log":6,"minecraft:grass_block":127,"minecraft:jungle_planks":5,"minecraft:spruce_leaves":143,"minecraft:kelp":1,"minecraft:sandstone":1,"minecraft:hay_block":75,"minecraft:smooth_stone":2,"minecraft:tall_seagrass":2,"minecraft:oak_trapdoor":1,"minecraft:furnace":6,"minecraft:fire":4,"minecraft:iron_ore":3,"minecraft:andesite":27,"minecraft:fletching_table":4,"minecraft:gold_block":4,"minecraft:dark_oak_stairs":3,"minecraft:bookshelf":4,"minecraft:water_cauldron":4,"minecraft:dirt_path":49,"minecraft:oak_stairs":3,"minecraft:stone":249,"minecraft:spruce_slab":12,"minecraft:podzol":82,"minecraft:birch_stairs":1,"minecraft:kelp_plant":1,"minecraft:dandelion":1,"minecraft:oak_fence":8,"minecraft:crafting_table":10,"minecraft:jungle_stairs":1,"minecraft:short_grass":184,"minecraft:blast_furnace":1,"minecraft:chest":1,"minecraft:lectern":1,"minecraft:tall_grass":8,"minecraft:cobblestone":105,"minecraft:grindstone":1,"minecraft:sugar_cane":34,"minecraft:oak_planks":2,"minecraft:wall_torch":6,"minecraft:birch_planks":3,"minecraft:cobblestone_wall":1,"minecraft:dark_oak_door":1,"minecraft:birch_log":13,"minecraft:spruce_log":480,"minecraft:yellow_bed":12,"minecraft:coal_ore":71,"minecraft:oak_log":25,"minecraft:sunflower":3,"minecraft:gravel":82,"minecraft:sand":17,"minecraft:dirt":266,"minecraft:oak_leaves":17,"minecraft:fern":2}},"DataVersion":3955}