{"stats":{"minecraft:dropped":{"minecraft:wheat_seeds":1,"minecraft:filled_map":1},"minecraft:mined":{"minecraft:white_bed":1,"minecraft:crafting_table":3,"minecraft:short_grass":21,"minecraft:blast_furnace":2,"minecraft:grass_block":2,"minecraft:poppy":1,"minecraft:tall_grass":11,"minecraft:oak_planks":7,"minecraft:sugar_cane":27,"minecraft:hay_block":86,"minecraft:tall_seagrass":1,"minecraft:bookshelf":4,"minecraft:oak_log":31,"minecraft:oak_stairs":1,"minecraft:gravel":1,"minecraft:dirt":3,"minecraft:stone":10,"minecraft:oak_leaves":9},"minecraft:used":{"minecraft:stone_sword":25,"minecraft:oak_planks":7,"minecraft:chest":5,"minecraft:wooden_pickaxe":10,"minecraft:stone_hoe":77,"minecraft:dirt":5,"minecraft:crafting_table":4,"minecraft:white_bed":1,"minecraft:bread":7,"minecraft:iron_pickaxe":2,"minecraft:gravel":1,"minecraft:stone_axe":68,"minecraft:cobblestone":2,"minecraft:oak_boat":3},"minecraft:custom":{"minecraft:mob_kills":16,"minecraft:interact_with_crafting_table":9,"minecraft:time_since_death":29782,"minecraft:sleep_in_bed":1,"minecraft:climb_one_cm":124,"minecraft:time_since_rest":17600,"minecraft:sprint_one_cm":66714,"minecraft:damage_taken":180,"minecraft:walk_one_cm":26995,"minecraft:drop":2,"minecraft:damage_dealt":2709,"minecraft:swim_one_cm":31559,"minecraft:fly_one_cm":153790,"minecraft:open_chest":13,"minecraft:crouch_one_cm":8654,"minecraft:play_time":29782,"minecraft:sneak_time":2138,"minecraft:walk_under_water_one_cm":4836,"minecraft:boat_one_cm":142229,"minecraft:jump":543,"minecraft:walk_on_water_one_cm":4633,"minecraft:total_world_time":29782,"minecraft:fall_one_cm":18112},"minecraft:crafted":{"minecraft:oak_planks":64,"minecraft:crafting_table":2,"minecraft:wooden_pickaxe":1,"minecraft:stone_axe":1,"minecraft:bread":96,"minecraft:oak_boat":1,"minecraft:shield":1,"minecraft:stick":20,"minecraft:iron_pickaxe":1,"minecraft:stone_pickaxe":1,"minecraft:stone_sword":1,"minecraft:chest":3,"minecraft:stone_hoe":1,"minecraft:wheat":288},"minecraft:killed":{"minecraft:pig":2,"minecraft:iron_golem":1,"minecraft:sheep":6,"minecraft:horse":3,"minecraft:cow":4},"minecraft:picked_up":{"minecraft:crafting_table":3,"minecraft:leather":6,"minecraft:oak_stairs":1,"minecraft:oak_log":31,"minecraft:dirt":5,"minecraft:wheat_seeds":3,"minecraft:beef":9,"minecraft:iron_ingot":4,"minecraft:oak_boat":2,"minecraft:poppy":1,"minecraft:sugar_cane":50,"minecraft:oak_planks":7,"minecraft:book":12,"minecraft:dandelion":1,"minecraft:gravel":1,"minecraft:porkchop":4,"minecraft:blast_furnace":2,"minecraft:white_bed":1,"minecraft:hay_block":86,"minecraft:oak_sapling":1,"minecraft:black_wool":2,"minecraft:mutton":8,"minecraft:cobblestone":10,"minecraft:white_wool":4}},"DataVersion":3955}