{"stats":{"minecraft:broken":{"minecraft:golden_axe":1},"minecraft:used":{"minecraft:cooked_mutton":5,"minecraft:water_bucket":2,"minecraft:stone_sword":87,"minecraft:flint_and_steel":1,"minecraft:stone_pickaxe":114,"minecraft:oak_planks":22,"minecraft:chest":6,"minecraft:wooden_pickaxe":3,"minecraft:stone_hoe":92,"minecraft:torch":3,"minecraft:dirt":18,"minecraft:oak_slab":5,"minecraft:crafting_table":10,"minecraft:red_bed":5,"minecraft:blast_furnace":2,"minecraft:azure_bluet":1,"minecraft:smoker":3,"minecraft:bookshelf":4,"minecraft:lantern":1,"minecraft:oak_stairs":4,"minecraft:iron_pickaxe":16,"minecraft:golden_leggings":1,"minecraft:golden_helmet":1,"minecraft:stone_axe":93,"minecraft:light_gray_wool":1,"minecraft:cobblestone":35,"minecraft:furnace":9,"minecraft:bucket":3,"minecraft:oak_boat":10,"minecraft:cooked_beef":8,"minecraft:coarse_dirt":1,"minecraft:golden_axe":33,"minecraft:dandelion":1,"minecraft:dark_oak_sapling":1},"minecraft:picked_up":{"minecraft:coarse_dirt":1,"minecraft:crafting_table":9,"minecraft:feather":8,"minecraft:azure_bluet":1,"minecraft:chicken":11,"minecraft:leather":21,"minecraft:smoker":1,"minecraft:oak_stairs":12,"minecraft:potato":4,"minecraft:oak_log":33,"minecraft:cobblestone_stairs":9,"minecraft:dirt":18,"minecraft:red_bed":4,"minecraft:flint_and_steel":1,"minecraft:wheat_seeds":30,"minecraft:beef":28,"minecraft:oak_boat":10,"minecraft:poppy":1,"minecraft:light_gray_wool":1,"minecraft:lectern":3,"minecraft:chest":2,"minecraft:sugar_cane":13,"minecraft:oak_planks":11,"minecraft:furnace":9,"minecraft:book":24,"minecraft:dark_oak_sapling":1,"minecraft:stick":8,"minecraft:torch":3,"minecraft:dandelion":1,"minecraft:porkchop":35,"minecraft:spruce_sapling":4,"minecraft:blast_furnace":2,"minecraft:carrot":4,"minecraft:mossy_cobblestone":2,"minecraft:bread":5,"minecraft:black_wool":2,"minecraft:mutton":24,"minecraft:coal":31,"minecraft:white_wool":12,"minecraft:cobblestone":93},"minecraft:custom":{"minecraft:interact_with_furnace":9,"minecraft:mob_kills":63,"minecraft:interact_with_crafting_table":17,"minecraft:leave_game":3,"minecraft:time_since_death":83709,"minecraft:sleep_in_bed":4,"minecraft:climb_one_cm":266,"minecraft:time_since_rest":1471,"minecraft:sprint_one_cm":273408,"minecraft:damage_taken":356,"minecraft:walk_one_cm":95122,"minecraft:drop":16,"minecraft:damage_dealt":5329,"minecraft:swim_one_cm":22263,"minecraft:fly_one_cm":438998,"minecraft:open_chest":24,"minecraft:crouch_one_cm":10479,"minecraft:play_time":83709,"minecraft:sneak_time":5316,"minecraft:walk_under_water_one_cm":2077,"minecraft:boat_one_cm":117096,"minecraft:jump":1934,"minecraft:walk_on_water_one_cm":5439,"minecraft:total_world_time":83709,"minecraft:fall_one_cm":60852},"minecraft:killed":{"minecraft:pig":21,"minecraft:sheep":15,"minecraft:chicken":11,"minecraft:cow":16},"minecraft:mined":{"minecraft:red_bed":4,"minecraft:mossy_cobblestone":1,"minecraft:smoker":1,"minecraft:cobblestone_stairs":6,"minecraft:crafting_table":9,"minecraft:short_grass":94,"minecraft:blast_furnace":2,"minecraft:grass_block":8,"minecraft:poppy":1,"minecraft:chest":3,"minecraft:lectern":2,"minecraft:tall_grass":9,"minecraft:cobblestone":9,"minecraft:spruce_leaves":96,"minecraft:oak_planks":11,"minecraft:sugar_cane":8,"minecraft:large_fern":14,"minecraft:coarse_dirt":1,"minecraft:furnace":9,"minecraft:carrots":4,"minecraft:fire":1,"minecraft:wheat":3,"minecraft:bookshelf":8,"minecraft:potatoes":4,"minecraft:coal_ore":31,"minecraft:oak_log":33,"minecraft:oak_stairs":11,"minecraft:dirt":10,"minecraft:stone":71,"minecraft:oak_leaves":15,"minecraft:fern":29},"minecraft:crafted":{"minecraft:cooked_beef":8,"minecraft:red_dye":1,"minecraft:oak_slab":6,"minecraft:oak_planks":100,"minecraft:iron_nugget":9,"minecraft:crafting_table":1,"minecraft:wooden_pickaxe":1,"minecraft:red_bed":1,"minecraft:furnace":2,"minecraft:bucket":1,"minecraft:bookshelf":4,"minecraft:stone_axe":2,"minecraft:cooked_mutton":8,"minecraft:air":0,"minecraft:oak_boat":1,"minecraft:lantern":1,"minecraft:shield":1,"minecraft:stick":12,"minecraft:iron_ingot":4,"minecraft:stone_pickaxe":1,"minecraft:chest":4,"minecraft:stone_sword":1,"minecraft:white_bed":1,"minecraft:torch":4,"minecraft:stone_hoe":1,"minecraft:smoker":2},"minecraft:dropped":{"minecraft:bread":5,"minecraft:stone_hoe":1,"minecraft:wheat_seeds":13,"minecraft:mossy_cobblestone":1,"minecraft:feather":8,"minecraft:cobblestone":13,"minecraft:carrot":4,"minecraft:cobblestone_stairs":3,"minecraft:torch":1,"minecraft:oak_stairs":1,"minecraft:lectern":1}},"DataVersion":3953}