{"stats":{"minecraft:used":{"minecraft:stone_pickaxe":46,"minecraft:suspicious_stew":1,"minecraft:wooden_pickaxe":3,"minecraft:stone_axe":12,"minecraft:oak_door":1,"minecraft:dirt":4,"minecraft:cobblestone":2,"minecraft:crafting_table":4,"minecraft:oak_boat":2},"minecraft:picked_up":{"minecraft:crafting_table":4,"minecraft:wheat":1,"minecraft:bowl":1,"minecraft:oak_log":9,"minecraft:dirt":4,"minecraft:oak_boat":1,"minecraft:oak_sapling":2,"minecraft:cobblestone":49},"minecraft:custom":{"minecraft:time_since_rest":15721,"minecraft:sprint_one_cm":5685,"minecraft:damage_taken":100,"minecraft:walk_one_cm":3387,"minecraft:drop":3,"minecraft:interact_with_crafting_table":7,"minecraft:swim_one_cm":26486,"minecraft:fly_one_cm":15126,"minecraft:open_chest":2,"minecraft:crouch_one_cm":2474,"minecraft:play_time":15721,"minecraft:sneak_time":2148,"minecraft:walk_under_water_one_cm":1526,"minecraft:boat_one_cm":67240,"minecraft:jump":70,"minecraft:time_since_death":15721,"minecraft:leave_game":3,"minecraft:walk_on_water_one_cm":470,"minecraft:total_world_time":15721,"minecraft:fall_one_cm":1848},"minecraft:mined":{"minecraft:crafting_table":4,"minecraft:short_grass":1,"minecraft:oak_log":9,"minecraft:dirt":4,"minecraft:cobblestone":2,"minecraft:stone":47,"minecraft:oak_leaves":8},"minecraft:crafted":{"minecraft:oak_door":3,"minecraft:oak_boat":1,"minecraft:oak_planks":36,"minecraft:crafting_table":1,"minecraft:stick":8,"minecraft:wooden_pickaxe":1,"minecraft:stone_pickaxe":1,"minecraft:stone_sword":1,"minecraft:stone_axe":1,"minecraft:bread":11},"minecraft:dropped":{"minecraft:bowl":2,"minecraft:wheat":1}},"DataVersion":3953}