{"stats":{"minecraft:used":{"minecraft:stone_sword":2,"minecraft:iron_shovel":19,"minecraft:glass_bottle":1,"minecraft:bread":5,"minecraft:stone_pickaxe":46,"minecraft:suspicious_stew":1,"minecraft:wooden_pickaxe":3,"minecraft:iron_sword":16,"minecraft:stone_axe":12,"minecraft:oak_door":4,"minecraft:potion":1,"minecraft:dirt":4,"minecraft:cobblestone":2,"minecraft:crafting_table":5,"minecraft:oak_boat":6},"minecraft:picked_up":{"minecraft:crafting_table":4,"minecraft:wheat":1,"minecraft:oak_door":1,"minecraft:bowl":1,"minecraft:flint":2,"minecraft:gravel":11,"minecraft:filled_map":1,"minecraft:sand":1,"minecraft:oak_log":9,"minecraft:dirt":4,"minecraft:oak_boat":6,"minecraft:oak_sapling":2,"minecraft:cobblestone":49},"minecraft:custom":{"minecraft:time_since_rest":27721,"minecraft:sprint_one_cm":9972,"minecraft:damage_taken":445,"minecraft:walk_one_cm":4603,"minecraft:mob_kills":4,"minecraft:drop":11,"minecraft:damage_dealt":800,"minecraft:interact_with_crafting_table":8,"minecraft:swim_one_cm":75109,"minecraft:fly_one_cm":25825,"minecraft:open_chest":11,"minecraft:crouch_one_cm":2826,"minecraft:play_time":27721,"minecraft:sneak_time":2785,"minecraft:walk_under_water_one_cm":17204,"minecraft:boat_one_cm":249157,"minecraft:jump":144,"minecraft:time_since_death":27721,"minecraft:leave_game":3,"minecraft:walk_on_water_one_cm":3621,"minecraft:total_world_time":27721,"minecraft:fall_one_cm":4191},"minecraft:killed":{"minecraft:drowned":4},"minecraft:mined":{"minecraft:seagrass":1,"minecraft:tall_seagrass":6,"minecraft:crafting_table":4,"minecraft:short_grass":1,"minecraft:oak_log":9,"minecraft:gravel":19,"minecraft:sand":1,"minecraft:dirt":4,"minecraft:cobblestone":2,"minecraft:stone":47,"minecraft:oak_leaves":8},"minecraft:crafted":{"minecraft:oak_door":3,"minecraft:oak_boat":1,"minecraft:oak_planks":36,"minecraft:crafting_table":1,"minecraft:stick":12,"minecraft:wooden_pickaxe":1,"minecraft:stone_pickaxe":1,"minecraft:stone_sword":1,"minecraft:iron_shovel":1,"minecraft:stone_axe":1,"minecraft:bread":11},"minecraft:dropped":{"minecraft:filled_map":3,"minecraft:gravel":11,"minecraft:stone_sword":1,"minecraft:bowl":2,"minecraft:wheat":1,"minecraft:map":1,"minecraft:potion":1,"minecraft:sand":1}},"DataVersion":3953}