{"stats":{"minecraft:mined":{"minecraft:short_grass":5,"minecraft:grass_block":2,"minecraft:oak_log":6,"minecraft:dirt":3,"minecraft:tall_grass":4,"minecraft:stone":10,"minecraft:crafting_table":1,"minecraft:oak_leaves":1},"minecraft:used":{"minecraft:stone_axe":7,"minecraft:stone_sword":12,"minecraft:dirt":5,"minecraft:crafting_table":1,"minecraft:wooden_pickaxe":10},"minecraft:custom":{"minecraft:time_since_rest":5782,"minecraft:crouch_one_cm":465,"minecraft:play_time":5782,"minecraft:sprint_one_cm":9121,"minecraft:damage_taken":30,"minecraft:walk_one_cm":5757,"minecraft:sneak_time":157,"minecraft:mob_kills":10,"minecraft:jump":82,"minecraft:damage_dealt":880,"minecraft:time_since_death":5782,"minecraft:total_world_time":5782,"minecraft:interact_with_crafting_table":2,"minecraft:fall_one_cm":4822,"minecraft:fly_one_cm":20623},"minecraft:crafted":{"minecraft:stone_sword":1,"minecraft:oak_planks":32,"minecraft:stone_axe":1,"minecraft:crafting_table":1,"minecraft:stick":8,"minecraft:stone_pickaxe":1,"minecraft:wooden_pickaxe":1},"minecraft:picked_up":{"minecraft:crafting_table":1,"minecraft:leather":3,"minecraft:beef":9,"minecraft:oak_log":6,"minecraft:white_wool":4,"minecraft:black_wool":2,"minecraft:oak_sapling":1,"minecraft:mutton":8,"minecraft:dirt":5,"minecraft:cobblestone":10},"minecraft:killed":{"minecraft:sheep":6,"minecraft:cow":4}},"DataVersion":3955}