{"stats":{"minecraft:dropped":{"minecraft:stone_hoe":2,"minecraft:wheat_seeds":6,"minecraft:golden_helmet":1,"minecraft:glass_bottle":1,"minecraft:jungle_planks":2,"minecraft:stick":12,"minecraft:flint":7,"minecraft:cobblestone_stairs":1,"minecraft:emerald":16,"minecraft:dirt":2,"minecraft:torch":16,"minecraft:yellow_dye":11,"minecraft:gold_nugget":2,"minecraft:sand":3,"minecraft:string":3,"minecraft:white_wool":13,"minecraft:acacia_planks":56,"minecraft:dandelion":1,"minecraft:bone":13,"minecraft:kelp":28,"minecraft:iron_nugget":2,"minecraft:golden_chestplate":1,"minecraft:bowl":3,"minecraft:rotten_flesh":7,"minecraft:oak_planks":19,"minecraft:iron_hoe":1,"minecraft:white_bed":1,"minecraft:carrot":12,"minecraft:filled_map":1,"minecraft:oak_sapling":2,"minecraft:leather_leggings":1,"minecraft:arrow":2},"minecraft:mined":{"minecraft:dark_oak_planks":13,"minecraft:white_bed":10,"minecraft:mossy_cobblestone":15,"minecraft:jungle_slab":1,"minecraft:cobblestone_stairs":1,"minecraft:dark_oak_log":2,"minecraft:brewing_stand":3,"minecraft:acacia_log":6,"minecraft:grass_block":113,"minecraft:jungle_planks":5,"minecraft:spruce_leaves":125,"minecraft:kelp":1,"minecraft:sandstone":1,"minecraft:hay_block":75,"minecraft:smooth_stone":2,"minecraft:tall_seagrass":2,"minecraft:oak_trapdoor":1,"minecraft:furnace":4,"minecraft:iron_ore":3,"minecraft:andesite":27,"minecraft:gold_block":4,"minecraft:dark_oak_stairs":3,"minecraft:bookshelf":4,"minecraft:water_cauldron":4,"minecraft:dirt_path":49,"minecraft:oak_stairs":3,"minecraft:stone":247,"minecraft:podzol":82,"minecraft:birch_stairs":1,"minecraft:kelp_plant":1,"minecraft:dandelion":1,"minecraft:oak_fence":8,"minecraft:crafting_table":10,"minecraft:jungle_stairs":1,"minecraft:short_grass":147,"minecraft:chest":1,"minecraft:lectern":1,"minecraft:cobblestone":102,"minecraft:tall_grass":8,"minecraft:grindstone":1,"minecraft:sugar_cane":34,"minecraft:oak_planks":2,"minecraft:wall_torch":1,"minecraft:birch_planks":3,"minecraft:cobblestone_wall":1,"minecraft:dark_oak_door":1,"minecraft:birch_log":13,"minecraft:spruce_log":73,"minecraft:yellow_bed":12,"minecraft:coal_ore":71,"minecraft:oak_log":13,"minecraft:sunflower":3,"minecraft:gravel":32,"minecraft:sand":17,"minecraft:dirt":253,"minecraft:oak_leaves":17,"minecraft:fern":2},"minecraft:used":{"minecraft:stone_sword":92,"minecraft:iron_shovel":477,"minecraft:chest":6,"minecraft:shield":22,"minecraft:iron_sword":13,"minecraft:bell":1,"minecraft:cooked_salmon":13,"minecraft:stone_hoe":124,"minecraft:iron_chestplate":1,"minecraft:torch":1,"minecraft:dirt":45,"minecraft:golden_shovel":32,"minecraft:spruce_boat":1,"minecraft:iron_hoe":82,"minecraft:iron_axe":226,"minecraft:oak_stairs":1,"minecraft:iron_helmet":1,"minecraft:iron_boots":1,"minecraft:golden_sword":9,"minecraft:furnace":4,"minecraft:oak_sapling":3,"minecraft:cooked_cod":6,"minecraft:iron_leggings":1,"minecraft:cooked_mutton":10,"minecraft:water_bucket":7,"minecraft:leather_leggings":1,"minecraft:birch_planks":5,"minecraft:stone_pickaxe":85,"minecraft:wooden_pickaxe":4,"minecraft:birch_boat":4,"minecraft:crafting_table":14,"minecraft:white_bed":11,"minecraft:diamond_pickaxe":160,"minecraft:bread":10,"minecraft:iron_pickaxe":251,"minecraft:suspicious_stew":3,"minecraft:spruce_trapdoor":4,"minecraft:spruce_sapling":12,"minecraft:gravel":11,"minecraft:stone_axe":104,"minecraft:cobblestone":92,"minecraft:potion":1,"minecraft:bucket":7,"minecraft:yellow_bed":12,"minecraft:oak_boat":17,"minecraft:bone_meal":7,"minecraft:smooth_stone":1},"minecraft:broken":{"minecraft:golden_shovel":1,"minecraft:stone_axe":1,"minecraft:iron_pickaxe":1},"minecraft:custom":{"minecraft:mob_kills":132,"minecraft:interact_with_crafting_table":28,"minecraft:bell_ring":61,"minecraft:leave_game":2,"minecraft:time_since_death":187923,"minecraft:climb_one_cm":2184,"minecraft:sprint_one_cm":364191,"minecraft:walk_one_cm":222351,"minecraft:damage_blocked_by_shield":1326,"minecraft:drop":59,"minecraft:talked_to_villager":6,"minecraft:play_time":187923,"minecraft:sneak_time":14462,"minecraft:walk_under_water_one_cm":18356,"minecraft:boat_one_cm":662990,"minecraft:jump":2620,"minecraft:walk_on_water_one_cm":13143,"minecraft:total_world_time":187923,"minecraft:interact_with_furnace":8,"minecraft:sleep_in_bed":8,"minecraft:time_since_rest":31219,"minecraft:damage_taken":1715,"minecraft:damage_dealt":14565,"minecraft:swim_one_cm":70368,"minecraft:fly_one_cm":632978,"minecraft:open_chest":87,"minecraft:crouch_one_cm":51417,"minecraft:fall_one_cm":68400},"minecraft:crafted":{"minecraft:yellow_wool":3,"minecraft:oak_planks":36,"minecraft:birch_boat":1,"minecraft:furnace":2,"minecraft:yellow_bed":1,"minecraft:bone_meal":39,"minecraft:cooked_mutton":8,"minecraft:iron_boots":1,"minecraft:iron_axe":3,"minecraft:iron_hoe":1,"minecraft:stone_pickaxe":1,"minecraft:chest":3,"minecraft:spruce_boat":1,"minecraft:stone_hoe":2,"minecraft:cooked_porkchop":9,"minecraft:crafting_table":4,"minecraft:spruce_planks":28,"minecraft:wooden_pickaxe":1,"minecraft:iron_helmet":1,"minecraft:iron_sword":1,"minecraft:birch_planks":60,"minecraft:stone_axe":1,"minecraft:bread":20,"minecraft:air":0,"minecraft:oak_boat":1,"minecraft:spruce_trapdoor":4,"minecraft:diamond_pickaxe":1,"minecraft:yellow_dye":14,"minecraft:shield":1,"minecraft:stick":36,"minecraft:iron_ingot":5,"minecraft:stone_sword":1,"minecraft:iron_shovel":3,"minecraft:iron_leggings":1,"minecraft:gold_ingot":3,"minecraft:white_bed":1,"minecraft:acacia_planks":24},"minecraft:killed":{"minecraft:spider":1,"minecraft:skeleton":4,"minecraft:chicken":1,"minecraft:pig":59,"minecraft:zombie_villager":3,"minecraft:iron_golem":1,"minecraft:wandering_trader":1,"minecraft:sheep":27,"minecraft:trader_llama":2,"minecraft:zombie":4,"minecraft:cow":28},"minecraft:picked_up":{"minecraft:crafting_table":10,"minecraft:azure_bluet":1,"minecraft:chicken":1,"minecraft:lead":1,"minecraft:oak_stairs":1,"minecraft:gold_block":4,"minecraft:brewing_stand":3,"minecraft:oak_trapdoor":1,"minecraft:string":3,"minecraft:smooth_stone":2,"minecraft:gold_nugget":1,"minecraft:beef":61,"minecraft:oak_boat":17,"minecraft:poppy":1,"minecraft:light_gray_wool":1,"minecraft:lectern":1,"minecraft:chest":1,"minecraft:sugar_cane":56,"minecraft:furnace":4,"minecraft:stick":18,"minecraft:raw_iron":3,"minecraft:oak_fence":8,"minecraft:torch":14,"minecraft:acacia_log":6,"minecraft:porkchop":135,"minecraft:cauldron":4,"minecraft:dark_oak_planks":11,"minecraft:rotten_flesh":4,"minecraft:arrow":2,"minecraft:jungle_stairs":1,"minecraft:hay_block":83,"minecraft:mutton":39,"minecraft:white_wool":17,"minecraft:cobblestone":347,"minecraft:oxeye_daisy":1,"minecraft:birch_log":13,"minecraft:feather":1,"minecraft:andesite":27,"minecraft:brown_wool":1,"minecraft:leather":33,"minecraft:birch_planks":2,"minecraft:flint":1,"minecraft:oak_log":13,"minecraft:yellow_bed":12,"minecraft:cobblestone_wall":1,"minecraft:cobblestone_stairs":1,"minecraft:dirt":497,"minecraft:bone":26,"minecraft:acacia_planks":38,"minecraft:apple":1,"minecraft:kelp":20,"minecraft:wheat_seeds":16,"minecraft:bell":1,"minecraft:grindstone":1,"minecraft:iron_ingot":5,"minecraft:oak_planks":1,"minecraft:dark_oak_stairs":2,"minecraft:book":12,"minecraft:birch_boat":4,"minecraft:dandelion":4,"minecraft:jungle_planks":4,"minecraft:gravel":31,"minecraft:birch_stairs":1,"minecraft:sand":20,"minecraft:spruce_sapling":29,"minecraft:white_bed":11,"minecraft:spruce_log":73,"minecraft:jungle_slab":1,"minecraft:mossy_cobblestone":15,"minecraft:emerald":16,"minecraft:oak_sapling":3,"minecraft:black_wool":1,"minecraft:coal":71,"minecraft:sunflower":3}},"DataVersion":3955}