{"stats":{"minecraft:mined":{"minecraft:coal_ore":5,"minecraft:grass_block":4,"minecraft:oak_log":5,"minecraft:dirt":11,"minecraft:birch_log":13,"minecraft:stone":22,"minecraft:birch_leaves":1,"minecraft:crafting_table":2},"minecraft:picked_up":{"minecraft:birch_log":13,"minecraft:crafting_table":2,"minecraft:oak_log":5,"minecraft:coal":5,"minecraft:birch_sapling":2,"minecraft:dirt":14,"minecraft:cobblestone":22},"minecraft:used":{"minecraft:stone_axe":8,"minecraft:dirt":1,"minecraft:crafting_table":2,"minecraft:stone_pickaxe":7,"minecraft:wooden_pickaxe":21,"minecraft:oak_log":1},"minecraft:crafted":{"minecraft:stone_sword":1,"minecraft:furnace":1,"minecraft:torch":20,"minecraft:birch_planks":24,"minecraft:stone_axe":1,"minecraft:crafting_table":1,"minecraft:stick":16,"minecraft:stone_pickaxe":1,"minecraft:wooden_pickaxe":1},"minecraft:custom":{"minecraft:time_since_rest":6000,"minecraft:crouch_one_cm":2643,"minecraft:play_time":6000,"minecraft:sprint_one_cm":4749,"minecraft:damage_taken":40,"minecraft:walk_one_cm":7330,"minecraft:sneak_time":1619,"minecraft:walk_under_water_one_cm":1316,"minecraft:jump":54,"minecraft:walk_on_water_one_cm":944,"minecraft:time_since_death":6000,"minecraft:total_world_time":6000,"minecraft:swim_one_cm":4178,"minecraft:interact_with_crafting_table":3,"minecraft:fall_one_cm":1573,"minecraft:fly_one_cm":3891}},"DataVersion":3465}