{"stats":{"minecraft:killed":{"minecraft:spider":4,"minecraft:horse":6,"minecraft:skeleton":5,"minecraft:bee":1,"minecraft:chicken":3,"minecraft:drowned":1,"minecraft:pig":2,"minecraft:rabbit":1,"minecraft:creeper":2,"minecraft:sheep":12,"minecraft:zombie":18,"minecraft:cow":1},"minecraft:mined":{"minecraft:tuff":10,"minecraft:white_bed":3,"minecraft:deepslate_diamond_ore":27,"minecraft:brewing_stand":1,"minecraft:granite":6,"minecraft:grass_block":5,"minecraft:spawner":1,"minecraft:furnace":4,"minecraft:iron_ore":63,"minecraft:andesite":16,"minecraft:deepslate_lapis_ore":13,"minecraft:water_cauldron":3,"minecraft:deepslate_iron_ore":30,"minecraft:stone":228,"minecraft:deepslate_redstone_ore":2,"minecraft:crafting_table":8,"minecraft:torch":3,"minecraft:lectern":7,"minecraft:tall_grass":1,"minecraft:copper_ore":1,"minecraft:cobblestone":9,"minecraft:deepslate_gold_ore":5,"minecraft:oak_planks":1,"minecraft:diorite":7,"minecraft:wall_torch":4,"minecraft:deepslate_copper_ore":1,"minecraft:birch_log":13,"minecraft:wheat":6,"minecraft:birch_leaves":1,"minecraft:yellow_bed":6,"minecraft:bee_nest":1,"minecraft:grass":3,"minecraft:coal_ore":32,"minecraft:oak_log":12,"minecraft:dirt":16,"minecraft:cobweb":1,"minecraft:gold_ore":5,"minecraft:oak_leaves":3,"minecraft:deepslate":175},"minecraft:picked_up":{"minecraft:crafting_table":7,"minecraft:wheat":6,"minecraft:chicken":3,"minecraft:brewing_stand":1,"minecraft:string":2,"minecraft:raw_copper":3,"minecraft:iron_leggings":1,"minecraft:diamond_leggings":1,"minecraft:cobbled_deepslate":178,"minecraft:beef":5,"minecraft:poppy":2,"minecraft:light_gray_wool":2,"minecraft:lectern":7,"minecraft:birch_sapling":3,"minecraft:furnace":4,"minecraft:iron_boots":1,"minecraft:raw_iron":133,"minecraft:stick":2,"minecraft:oak_door":3,"minecraft:torch":9,"minecraft:porkchop":3,"minecraft:diorite":7,"minecraft:redstone":16,"minecraft:cauldron":3,"minecraft:arrow":4,"minecraft:rotten_flesh":8,"minecraft:diamond_boots":1,"minecraft:hay_block":5,"minecraft:mutton":19,"minecraft:white_wool":8,"minecraft:cobblestone":226,"minecraft:birch_log":13,"minecraft:andesite":16,"minecraft:leather":6,"minecraft:potato":1,"minecraft:flint":1,"minecraft:tuff":10,"minecraft:oak_log":12,"minecraft:yellow_bed":6,"minecraft:lapis_lazuli":63,"minecraft:dirt":36,"minecraft:cooked_mutton":6,"minecraft:bone":4,"minecraft:wheat_seeds":20,"minecraft:raw_gold":10,"minecraft:iron_ingot":4,"minecraft:rabbit":1,"minecraft:diamond_helmet":1,"minecraft:oak_planks":1,"minecraft:white_bed":3,"minecraft:diamond":38,"minecraft:iron_helmet":1,"minecraft:granite":6,"minecraft:coal":75,"minecraft:black_wool":2},"minecraft:dropped":{"minecraft:iron_ingot":2,"minecraft:birch_planks":1,"minecraft:diamond":11,"minecraft:diamond_leggings":1,"minecraft:iron_helmet":1,"minecraft:flint":1,"minecraft:stick":2,"minecraft:diorite":7,"minecraft:diamond_helmet":1,"minecraft:iron_leggings":1,"minecraft:cauldron":3,"minecraft:redstone":8,"minecraft:cobbled_deepslate":5,"minecraft:raw_copper":3,"minecraft:birch_sapling":3,"minecraft:rotten_flesh":5,"minecraft:light_gray_wool":2,"minecraft:iron_boots":1,"minecraft:poppy":2,"minecraft:diamond_boots":1,"minecraft:wooden_pickaxe":1,"minecraft:black_wool":1},"minecraft:used":{"minecraft:stone_sword":129,"minecraft:chest":2,"minecraft:shield":24,"minecraft:iron_sword":10,"minecraft:iron_chestplate":1,"minecraft:torch":45,"minecraft:dirt":5,"minecraft:tuff":10,"minecraft:iron_axe":9,"minecraft:iron_helmet":1,"minecraft:iron_boots":1,"minecraft:diamond_chestplate":1,"minecraft:furnace":6,"minecraft:potato":1,"minecraft:cobbled_deepslate":109,"minecraft:cooked_mutton":4,"minecraft:water_bucket":2,"minecraft:rabbit":1,"minecraft:birch_planks":26,"minecraft:stone_pickaxe":133,"minecraft:oak_planks":21,"minecraft:wooden_pickaxe":21,"minecraft:crafting_table":8,"minecraft:white_bed":2,"minecraft:oak_log":1,"minecraft:bread":17,"minecraft:iron_pickaxe":493,"minecraft:lectern":6,"minecraft:stone_axe":54,"minecraft:cobblestone":143,"minecraft:cooked_porkchop":2,"minecraft:bucket":3,"minecraft:yellow_bed":6,"minecraft:diamond_leggings":1},"minecraft:crafted":{"minecraft:oak_planks":44,"minecraft:furnace":3,"minecraft:cooked_mutton":2,"minecraft:diamond_helmet":1,"minecraft:diamond_leggings":1,"minecraft:iron_boots":1,"minecraft:iron_axe":1,"minecraft:stone_pickaxe":1,"minecraft:chest":2,"minecraft:diamond_boots":1,"minecraft:wheat":45,"minecraft:cooked_porkchop":3,"minecraft:crafting_table":1,"minecraft:wooden_pickaxe":1,"minecraft:iron_helmet":1,"minecraft:iron_sword":1,"minecraft:bucket":1,"minecraft:birch_planks":52,"minecraft:stone_axe":1,"minecraft:bread":17,"minecraft:air":0,"minecraft:iron_chestplate":1,"minecraft:shield":1,"minecraft:stick":40,"minecraft:iron_ingot":59,"minecraft:iron_pickaxe":3,"minecraft:stone_sword":1,"minecraft:iron_leggings":1,"minecraft:torch":92,"minecraft:diamond_chestplate":1},"minecraft:broken":{"minecraft:stone_pickaxe":1,"minecraft:iron_pickaxe":1},"minecraft:custom":{"minecraft:mob_kills":56,"minecraft:interact_with_crafting_table":27,"minecraft:bell_ring":4,"minecraft:leave_game":2,"minecraft:time_since_death":92405,"minecraft:sprint_one_cm":260702,"minecraft:walk_one_cm":158335,"minecraft:damage_blocked_by_shield":660,"minecraft:drop":29,"minecraft:talked_to_villager":13,"minecraft:play_time":92405,"minecraft:sneak_time":10842,"minecraft:walk_under_water_one_cm":4407,"minecraft:jump":1943,"minecraft:walk_on_water_one_cm":8405,"minecraft:total_world_time":92405,"minecraft:interact_with_furnace":44,"minecraft:sleep_in_bed":2,"minecraft:time_since_rest":677,"minecraft:damage_taken":778,"minecraft:damage_dealt":9226,"minecraft:swim_one_cm":21485,"minecraft:fly_one_cm":309322,"minecraft:open_chest":15,"minecraft:crouch_one_cm":20621,"minecraft:fall_one_cm":40608}},"DataVersion":3465}