{"stats":{"minecraft:broken":{"minecraft:stone_pickaxe":1,"minecraft:iron_pickaxe":1},"minecraft:dropped":{"minecraft:iron_ingot":2,"minecraft:birch_planks":1,"minecraft:wheat_seeds":1,"minecraft:diamond":14,"minecraft:diamond_leggings":1,"minecraft:iron_helmet":1,"minecraft:leather":6,"minecraft:granite":3,"minecraft:flint":1,"minecraft:stick":2,"minecraft:diorite":7,"minecraft:diamond_helmet":1,"minecraft:iron_leggings":1,"minecraft:bone":2,"minecraft:cauldron":3,"minecraft:redstone":8,"minecraft:stone_axe":1,"minecraft:sugar_cane":6,"minecraft:cobbled_deepslate":5,"minecraft:raw_copper":3,"minecraft:birch_sapling":3,"minecraft:rotten_flesh":5,"minecraft:light_gray_wool":2,"minecraft:iron_boots":1,"minecraft:poppy":2,"minecraft:diamond_boots":1,"minecraft:wooden_pickaxe":1,"minecraft:black_wool":1},"minecraft:picked_up":{"minecraft:crafting_table":7,"minecraft:wheat":6,"minecraft:chicken":3,"minecraft:oak_stairs":3,"minecraft:brewing_stand":1,"minecraft:string":8,"minecraft:raw_copper":3,"minecraft:iron_leggings":1,"minecraft:diamond_leggings":1,"minecraft:cobbled_deepslate":178,"minecraft:beef":15,"minecraft:oak_boat":1,"minecraft:poppy":2,"minecraft:light_gray_wool":2,"minecraft:lectern":7,"minecraft:sugar_cane":6,"minecraft:chest":1,"minecraft:birch_sapling":3,"minecraft:iron_boots":1,"minecraft:furnace":4,"minecraft:stick":2,"minecraft:raw_iron":133,"minecraft:oak_door":3,"minecraft:torch":10,"minecraft:porkchop":16,"minecraft:diorite":7,"minecraft:redstone":16,"minecraft:cauldron":3,"minecraft:arrow":4,"minecraft:rotten_flesh":17,"minecraft:diamond_boots":1,"minecraft:hay_block":5,"minecraft:mutton":22,"minecraft:cobblestone":281,"minecraft:white_wool":8,"minecraft:birch_log":13,"minecraft:andesite":16,"minecraft:leather":8,"minecraft:potato":2,"minecraft:birch_planks":4,"minecraft:flint":1,"minecraft:tuff":10,"minecraft:oak_log":34,"minecraft:yellow_bed":7,"minecraft:lapis_lazuli":63,"minecraft:dirt":36,"minecraft:cooked_mutton":6,"minecraft:bone":6,"minecraft:wheat_seeds":21,"minecraft:raw_gold":10,"minecraft:iron_ingot":4,"minecraft:diamond_helmet":1,"minecraft:rabbit":1,"minecraft:oak_planks":4,"minecraft:quartz":2,"minecraft:white_bed":8,"minecraft:diamond":41,"minecraft:iron_helmet":1,"minecraft:granite":9,"minecraft:emerald":2,"minecraft:black_wool":2,"minecraft:coal":75},"minecraft:used":{"minecraft:stone_sword":129,"minecraft:chest":2,"minecraft:shield":28,"minecraft:iron_sword":74,"minecraft:iron_chestplate":1,"minecraft:torch":46,"minecraft:dirt":5,"minecraft:tuff":10,"minecraft:iron_axe":65,"minecraft:iron_helmet":1,"minecraft:iron_boots":1,"minecraft:diamond_chestplate":1,"minecraft:beef":2,"minecraft:furnace":6,"minecraft:potato":1,"minecraft:cobbled_deepslate":109,"minecraft:cooked_mutton":4,"minecraft:water_bucket":2,"minecraft:rabbit":1,"minecraft:birch_planks":30,"minecraft:stone_pickaxe":133,"minecraft:oak_planks":60,"minecraft:wooden_pickaxe":21,"minecraft:crafting_table":9,"minecraft:white_bed":7,"minecraft:oak_log":1,"minecraft:bread":20,"minecraft:iron_pickaxe":495,"minecraft:lectern":6,"minecraft:stone_axe":54,"minecraft:cobblestone":144,"minecraft:cooked_porkchop":3,"minecraft:bucket":3,"minecraft:yellow_bed":6,"minecraft:oak_boat":1,"minecraft:diamond_leggings":1},"minecraft:crafted":{"minecraft:oak_planks":132,"minecraft:furnace":3,"minecraft:cooked_mutton":2,"minecraft:diamond_helmet":1,"minecraft:iron_boots":1,"minecraft:diamond_leggings":1,"minecraft:iron_axe":1,"minecraft:stone_pickaxe":1,"minecraft:chest":2,"minecraft:diamond_boots":1,"minecraft:wheat":45,"minecraft:cooked_porkchop":3,"minecraft:crafting_table":2,"minecraft:wooden_pickaxe":1,"minecraft:iron_helmet":1,"minecraft:iron_sword":1,"minecraft:bucket":1,"minecraft:birch_planks":52,"minecraft:stone_axe":1,"minecraft:bread":17,"minecraft:air":0,"minecraft:iron_chestplate":1,"minecraft:shield":1,"minecraft:stick":40,"minecraft:iron_ingot":59,"minecraft:iron_pickaxe":3,"minecraft:stone_sword":1,"minecraft:iron_leggings":1,"minecraft:torch":92,"minecraft:diamond_chestplate":1},"minecraft:custom":{"minecraft:mob_kills":82,"minecraft:interact_with_crafting_table":30,"minecraft:bell_ring":4,"minecraft:leave_game":2,"minecraft:time_since_death":110405,"minecraft:sprint_one_cm":316358,"minecraft:walk_one_cm":198813,"minecraft:damage_blocked_by_shield":810,"minecraft:drop":37,"minecraft:talked_to_villager":13,"minecraft:play_time":110405,"minecraft:sneak_time":10989,"minecraft:walk_under_water_one_cm":5383,"minecraft:boat_one_cm":31500,"minecraft:jump":2398,"minecraft:walk_on_water_one_cm":12203,"minecraft:total_world_time":110405,"minecraft:interact_with_furnace":44,"minecraft:sleep_in_bed":4,"minecraft:time_since_rest":9414,"minecraft:damage_taken":1032,"minecraft:damage_dealt":13887,"minecraft:swim_one_cm":26438,"minecraft:fly_one_cm":408359,"minecraft:open_chest":18,"minecraft:crouch_one_cm":21114,"minecraft:fall_one_cm":52843},"minecraft:mined":{"minecraft:tuff":10,"minecraft:white_bed":8,"minecraft:deepslate_diamond_ore":27,"minecraft:brewing_stand":1,"minecraft:granite":6,"minecraft:grass_block":5,"minecraft:spawner":1,"minecraft:furnace":4,"minecraft:dark_oak_trapdoor":1,"minecraft:iron_ore":63,"minecraft:andesite":16,"minecraft:deepslate_lapis_ore":13,"minecraft:water_cauldron":3,"minecraft:deepslate_iron_ore":30,"minecraft:oak_stairs":3,"minecraft:stone":228,"minecraft:deepslate_redstone_ore":2,"minecraft:glass_pane":1,"minecraft:crafting_table":8,"minecraft:torch":3,"minecraft:lectern":7,"minecraft:cobblestone":10,"minecraft:copper_ore":1,"minecraft:tall_grass":5,"minecraft:sugar_cane":2,"minecraft:deepslate_gold_ore":5,"minecraft:oak_planks":4,"minecraft:diorite":7,"minecraft:wall_torch":5,"minecraft:deepslate_copper_ore":1,"minecraft:seagrass":1,"minecraft:birch_planks":4,"minecraft:birch_log":13,"minecraft:wheat":6,"minecraft:birch_leaves":1,"minecraft:yellow_bed":7,"minecraft:bee_nest":1,"minecraft:grass":15,"minecraft:oak_log":34,"minecraft:coal_ore":32,"minecraft:dirt":16,"minecraft:cobweb":1,"minecraft:gold_ore":5,"minecraft:oak_leaves":3,"minecraft:deepslate":175},"minecraft:killed":{"minecraft:vindicator":1,"minecraft:spider":6,"minecraft:horse":6,"minecraft:skeleton":5,"minecraft:bee":1,"minecraft:chicken":3,"minecraft:drowned":1,"minecraft:pig":7,"minecraft:rabbit":1,"minecraft:creeper":2,"minecraft:sheep":14,"minecraft:pillager":1,"minecraft:zombie":31,"minecraft:cow":3}},"DataVersion":3465}