{"stats":{"minecraft:killed":{"minecraft:horse":2,"minecraft:sheep":3,"minecraft:bee":1,"minecraft:chicken":3,"minecraft:rabbit":1,"minecraft:creeper":1,"minecraft:cow":1},"minecraft:mined":{"minecraft:birch_log":13,"minecraft:wheat":6,"minecraft:birch_leaves":1,"minecraft:torch":1,"minecraft:bee_nest":1,"minecraft:crafting_table":4,"minecraft:grass":1,"minecraft:oak_log":12,"minecraft:grass_block":4,"minecraft:coal_ore":5,"minecraft:dirt":11,"minecraft:stone":22,"minecraft:oak_planks":1,"minecraft:oak_leaves":3},"minecraft:picked_up":{"minecraft:birch_log":13,"minecraft:crafting_table":4,"minecraft:wheat":6,"minecraft:chicken":3,"minecraft:leather":4,"minecraft:torch":1,"minecraft:oak_log":12,"minecraft:dirt":14,"minecraft:wheat_seeds":18,"minecraft:hay_block":5,"minecraft:beef":5,"minecraft:iron_ingot":3,"minecraft:poppy":2,"minecraft:rabbit":1,"minecraft:mutton":4,"minecraft:birch_sapling":3,"minecraft:oak_planks":1,"minecraft:coal":5,"minecraft:white_wool":3,"minecraft:cobblestone":22},"minecraft:dropped":{"minecraft:iron_ingot":2,"minecraft:poppy":2},"minecraft:used":{"minecraft:oak_log":1,"minecraft:stone_sword":24,"minecraft:rabbit":1,"minecraft:bread":6,"minecraft:stone_pickaxe":7,"minecraft:wooden_pickaxe":21,"minecraft:torch":11,"minecraft:stone_axe":27,"minecraft:dirt":5,"minecraft:crafting_table":4},"minecraft:crafted":{"minecraft:oak_planks":16,"minecraft:crafting_table":1,"minecraft:stick":16,"minecraft:wooden_pickaxe":1,"minecraft:stone_pickaxe":1,"minecraft:stone_sword":1,"minecraft:furnace":1,"minecraft:torch":20,"minecraft:birch_planks":24,"minecraft:stone_axe":1,"minecraft:bread":17,"minecraft:wheat":45},"minecraft:custom":{"minecraft:time_since_rest":6544,"minecraft:sprint_one_cm":55196,"minecraft:damage_taken":295,"minecraft:walk_one_cm":32485,"minecraft:mob_kills":12,"minecraft:drop":3,"minecraft:damage_dealt":1355,"minecraft:talked_to_villager":2,"minecraft:interact_with_crafting_table":5,"minecraft:swim_one_cm":14182,"minecraft:fly_one_cm":70977,"minecraft:crouch_one_cm":3320,"minecraft:play_time":16002,"minecraft:sneak_time":1884,"minecraft:walk_under_water_one_cm":3010,"minecraft:jump":435,"minecraft:leave_game":1,"minecraft:time_since_death":16002,"minecraft:walk_on_water_one_cm":1634,"minecraft:sleep_in_bed":1,"minecraft:total_world_time":16002,"minecraft:fall_one_cm":9913}},"DataVersion":3465}