{"stats":{"minecraft:killed":{"minecraft:pig":1,"minecraft:rabbit":1,"minecraft:creeper":2,"minecraft:skeleton":4,"minecraft:sheep":10,"minecraft:horse":6,"minecraft:zombie":9,"minecraft:bee":1,"minecraft:chicken":3,"minecraft:cow":1},"minecraft:mined":{"minecraft:tuff":6,"minecraft:deepslate_diamond_ore":15,"minecraft:crafting_table":7,"minecraft:torch":3,"minecraft:granite":6,"minecraft:grass_block":4,"minecraft:copper_ore":1,"minecraft:cobblestone":7,"minecraft:tall_grass":1,"minecraft:deepslate_gold_ore":5,"minecraft:oak_planks":1,"minecraft:diorite":7,"minecraft:wall_torch":3,"minecraft:deepslate_copper_ore":1,"minecraft:spawner":1,"minecraft:furnace":3,"minecraft:birch_log":13,"minecraft:iron_ore":54,"minecraft:wheat":6,"minecraft:andesite":7,"minecraft:birch_leaves":1,"minecraft:deepslate_lapis_ore":13,"minecraft:bee_nest":1,"minecraft:grass":3,"minecraft:oak_log":12,"minecraft:coal_ore":28,"minecraft:deepslate_iron_ore":30,"minecraft:dirt":11,"minecraft:cobweb":1,"minecraft:stone":111,"minecraft:gold_ore":5,"minecraft:deepslate":103,"minecraft:oak_leaves":3},"minecraft:picked_up":{"minecraft:birch_log":13,"minecraft:crafting_table":6,"minecraft:wheat":6,"minecraft:chicken":3,"minecraft:andesite":7,"minecraft:leather":6,"minecraft:potato":1,"minecraft:flint":1,"minecraft:tuff":6,"minecraft:oak_log":12,"minecraft:lapis_lazuli":63,"minecraft:dirt":15,"minecraft:raw_copper":3,"minecraft:bone":4,"minecraft:wheat_seeds":20,"minecraft:cobbled_deepslate":106,"minecraft:raw_gold":10,"minecraft:iron_ingot":3,"minecraft:beef":5,"minecraft:rabbit":1,"minecraft:poppy":2,"minecraft:light_gray_wool":2,"minecraft:oak_planks":1,"minecraft:birch_sapling":3,"minecraft:furnace":3,"minecraft:raw_iron":125,"minecraft:oak_door":3,"minecraft:torch":8,"minecraft:porkchop":3,"minecraft:diorite":7,"minecraft:arrow":3,"minecraft:rotten_flesh":5,"minecraft:diamond":15,"minecraft:hay_block":5,"minecraft:granite":6,"minecraft:black_wool":2,"minecraft:mutton":13,"minecraft:coal":68,"minecraft:cobblestone":116,"minecraft:white_wool":7},"minecraft:dropped":{"minecraft:iron_ingot":2,"minecraft:cobbled_deepslate":5,"minecraft:raw_copper":3,"minecraft:birch_sapling":3,"minecraft:rotten_flesh":5,"minecraft:flint":1,"minecraft:poppy":2,"minecraft:diorite":7,"minecraft:wooden_pickaxe":1,"minecraft:black_wool":1},"minecraft:used":{"minecraft:stone_sword":86,"minecraft:rabbit":1,"minecraft:stone_pickaxe":133,"minecraft:oak_planks":1,"minecraft:shield":19,"minecraft:wooden_pickaxe":21,"minecraft:iron_chestplate":1,"minecraft:torch":45,"minecraft:dirt":5,"minecraft:crafting_table":7,"minecraft:oak_log":1,"minecraft:iron_pickaxe":253,"minecraft:bread":17,"minecraft:iron_helmet":1,"minecraft:iron_boots":1,"minecraft:stone_axe":50,"minecraft:cobblestone":87,"minecraft:furnace":4},"minecraft:crafted":{"minecraft:oak_planks":44,"minecraft:crafting_table":1,"minecraft:wooden_pickaxe":1,"minecraft:iron_helmet":1,"minecraft:furnace":1,"minecraft:bucket":1,"minecraft:birch_planks":24,"minecraft:stone_axe":1,"minecraft:bread":17,"minecraft:air":0,"minecraft:iron_boots":1,"minecraft:iron_chestplate":1,"minecraft:shield":1,"minecraft:stick":36,"minecraft:iron_ingot":39,"minecraft:iron_pickaxe":2,"minecraft:stone_pickaxe":1,"minecraft:stone_sword":1,"minecraft:iron_leggings":1,"minecraft:torch":92,"minecraft:wheat":45},"minecraft:broken":{"minecraft:stone_pickaxe":1,"minecraft:iron_pickaxe":1},"minecraft:custom":{"minecraft:interact_with_furnace":35,"minecraft:mob_kills":38,"minecraft:interact_with_crafting_table":19,"minecraft:leave_game":1,"minecraft:time_since_death":64002,"minecraft:sleep_in_bed":1,"minecraft:time_since_rest":54544,"minecraft:sprint_one_cm":195016,"minecraft:damage_taken":564,"minecraft:walk_one_cm":107853,"minecraft:damage_blocked_by_shield":545,"minecraft:drop":16,"minecraft:damage_dealt":5994,"minecraft:swim_one_cm":18446,"minecraft:talked_to_villager":2,"minecraft:fly_one_cm":210634,"minecraft:crouch_one_cm":16961,"minecraft:play_time":64002,"minecraft:sneak_time":8637,"minecraft:walk_under_water_one_cm":3783,"minecraft:jump":1231,"minecraft:walk_on_water_one_cm":6937,"minecraft:total_world_time":64002,"minecraft:fall_one_cm":27860}},"DataVersion":3465}