{"stats":{"minecraft:killed":{"minecraft:pig":1,"minecraft:rabbit":1,"minecraft:creeper":1,"minecraft:skeleton":1,"minecraft:sheep":10,"minecraft:horse":6,"minecraft:bee":1,"minecraft:chicken":3,"minecraft:cow":1},"minecraft:mined":{"minecraft:crafting_table":5,"minecraft:torch":1,"minecraft:grass_block":4,"minecraft:cobblestone":3,"minecraft:tall_grass":1,"minecraft:oak_planks":1,"minecraft:diorite":1,"minecraft:wall_torch":3,"minecraft:furnace":1,"minecraft:birch_log":13,"minecraft:iron_ore":2,"minecraft:wheat":6,"minecraft:andesite":1,"minecraft:birch_leaves":1,"minecraft:bee_nest":1,"minecraft:grass":3,"minecraft:oak_log":12,"minecraft:coal_ore":28,"minecraft:dirt":11,"minecraft:stone":36,"minecraft:oak_leaves":3},"minecraft:picked_up":{"minecraft:birch_log":13,"minecraft:crafting_table":5,"minecraft:wheat":6,"minecraft:chicken":3,"minecraft:andesite":1,"minecraft:leather":6,"minecraft:oak_log":12,"minecraft:dirt":14,"minecraft:bone":1,"minecraft:wheat_seeds":19,"minecraft:iron_ingot":3,"minecraft:beef":5,"minecraft:rabbit":1,"minecraft:poppy":2,"minecraft:light_gray_wool":2,"minecraft:oak_planks":1,"minecraft:birch_sapling":3,"minecraft:furnace":1,"minecraft:raw_iron":2,"minecraft:torch":5,"minecraft:porkchop":3,"minecraft:diorite":1,"minecraft:hay_block":5,"minecraft:black_wool":1,"minecraft:mutton":13,"minecraft:coal":50,"minecraft:cobblestone":38,"minecraft:white_wool":7},"minecraft:dropped":{"minecraft:iron_ingot":2,"minecraft:poppy":2,"minecraft:wooden_pickaxe":1},"minecraft:used":{"minecraft:stone_sword":44,"minecraft:rabbit":1,"minecraft:stone_pickaxe":54,"minecraft:oak_planks":1,"minecraft:wooden_pickaxe":21,"minecraft:torch":25,"minecraft:dirt":5,"minecraft:crafting_table":5,"minecraft:oak_log":1,"minecraft:bread":9,"minecraft:stone_axe":39,"minecraft:cobblestone":18,"minecraft:furnace":1},"minecraft:crafted":{"minecraft:oak_planks":16,"minecraft:crafting_table":1,"minecraft:wooden_pickaxe":1,"minecraft:furnace":1,"minecraft:birch_planks":24,"minecraft:stone_axe":1,"minecraft:bread":17,"minecraft:air":0,"minecraft:shield":1,"minecraft:stick":16,"minecraft:iron_ingot":2,"minecraft:stone_pickaxe":1,"minecraft:stone_sword":1,"minecraft:torch":28,"minecraft:wheat":45},"minecraft:custom":{"minecraft:interact_with_furnace":3,"minecraft:mob_kills":25,"minecraft:interact_with_crafting_table":6,"minecraft:leave_game":1,"minecraft:time_since_death":28002,"minecraft:sleep_in_bed":1,"minecraft:time_since_rest":18544,"minecraft:sprint_one_cm":95949,"minecraft:damage_taken":355,"minecraft:walk_one_cm":47882,"minecraft:drop":4,"minecraft:damage_dealt":3025,"minecraft:swim_one_cm":15040,"minecraft:talked_to_villager":2,"minecraft:fly_one_cm":124350,"minecraft:crouch_one_cm":7136,"minecraft:play_time":28002,"minecraft:sneak_time":3195,"minecraft:walk_under_water_one_cm":3412,"minecraft:jump":707,"minecraft:walk_on_water_one_cm":3275,"minecraft:total_world_time":28002,"minecraft:fall_one_cm":17924}},"DataVersion":3465}