{"stats":{"minecraft:killed":{"minecraft:pig":1,"minecraft:rabbit":1,"minecraft:creeper":2,"minecraft:skeleton":2,"minecraft:sheep":10,"minecraft:horse":6,"minecraft:zombie":5,"minecraft:bee":1,"minecraft:chicken":3,"minecraft:cow":1},"minecraft:mined":{"minecraft:crafting_table":7,"minecraft:torch":3,"minecraft:granite":6,"minecraft:grass_block":4,"minecraft:cobblestone":7,"minecraft:tall_grass":1,"minecraft:oak_planks":1,"minecraft:diorite":7,"minecraft:wall_torch":3,"minecraft:spawner":1,"minecraft:furnace":3,"minecraft:birch_log":13,"minecraft:iron_ore":54,"minecraft:wheat":6,"minecraft:andesite":7,"minecraft:birch_leaves":1,"minecraft:deepslate_lapis_ore":5,"minecraft:bee_nest":1,"minecraft:grass":3,"minecraft:oak_log":12,"minecraft:coal_ore":28,"minecraft:deepslate_iron_ore":18,"minecraft:dirt":11,"minecraft:cobweb":1,"minecraft:stone":110,"minecraft:gold_ore":5,"minecraft:deepslate":2,"minecraft:oak_leaves":3},"minecraft:picked_up":{"minecraft:birch_log":13,"minecraft:crafting_table":6,"minecraft:wheat":6,"minecraft:chicken":3,"minecraft:andesite":7,"minecraft:leather":6,"minecraft:potato":1,"minecraft:flint":1,"minecraft:oak_log":12,"minecraft:lapis_lazuli":34,"minecraft:dirt":15,"minecraft:raw_copper":3,"minecraft:bone":1,"minecraft:wheat_seeds":20,"minecraft:cobbled_deepslate":5,"minecraft:raw_gold":5,"minecraft:iron_ingot":3,"minecraft:beef":5,"minecraft:rabbit":1,"minecraft:poppy":2,"minecraft:light_gray_wool":2,"minecraft:oak_planks":1,"minecraft:birch_sapling":3,"minecraft:furnace":3,"minecraft:raw_iron":113,"minecraft:oak_door":3,"minecraft:torch":8,"minecraft:porkchop":3,"minecraft:diorite":7,"minecraft:arrow":3,"minecraft:rotten_flesh":5,"minecraft:hay_block":5,"minecraft:granite":6,"minecraft:black_wool":2,"minecraft:mutton":13,"minecraft:coal":68,"minecraft:cobblestone":115,"minecraft:white_wool":7},"minecraft:dropped":{"minecraft:iron_ingot":2,"minecraft:cobbled_deepslate":5,"minecraft:raw_copper":3,"minecraft:rotten_flesh":5,"minecraft:flint":1,"minecraft:poppy":2,"minecraft:wooden_pickaxe":1,"minecraft:black_wool":1},"minecraft:used":{"minecraft:stone_sword":59,"minecraft:rabbit":1,"minecraft:stone_pickaxe":133,"minecraft:oak_planks":1,"minecraft:shield":6,"minecraft:wooden_pickaxe":21,"minecraft:iron_chestplate":1,"minecraft:torch":44,"minecraft:dirt":5,"minecraft:crafting_table":6,"minecraft:oak_log":1,"minecraft:iron_pickaxe":103,"minecraft:bread":14,"minecraft:iron_helmet":1,"minecraft:iron_boots":1,"minecraft:stone_axe":49,"minecraft:cobblestone":66,"minecraft:furnace":3},"minecraft:crafted":{"minecraft:oak_planks":44,"minecraft:crafting_table":1,"minecraft:wooden_pickaxe":1,"minecraft:iron_helmet":1,"minecraft:furnace":1,"minecraft:bucket":1,"minecraft:birch_planks":24,"minecraft:stone_axe":1,"minecraft:bread":17,"minecraft:air":0,"minecraft:iron_boots":1,"minecraft:iron_chestplate":1,"minecraft:shield":1,"minecraft:stick":32,"minecraft:iron_ingot":31,"minecraft:iron_pickaxe":1,"minecraft:stone_pickaxe":1,"minecraft:stone_sword":1,"minecraft:iron_leggings":1,"minecraft:torch":92,"minecraft:wheat":45},"minecraft:broken":{"minecraft:stone_pickaxe":1},"minecraft:custom":{"minecraft:interact_with_furnace":31,"minecraft:mob_kills":32,"minecraft:interact_with_crafting_table":16,"minecraft:leave_game":1,"minecraft:time_since_death":52002,"minecraft:sleep_in_bed":1,"minecraft:time_since_rest":42544,"minecraft:sprint_one_cm":169188,"minecraft:damage_taken":445,"minecraft:walk_one_cm":85907,"minecraft:damage_blocked_by_shield":170,"minecraft:drop":14,"minecraft:damage_dealt":4691,"minecraft:swim_one_cm":18446,"minecraft:talked_to_villager":2,"minecraft:fly_one_cm":195016,"minecraft:crouch_one_cm":14209,"minecraft:play_time":52002,"minecraft:sneak_time":7071,"minecraft:walk_under_water_one_cm":3783,"minecraft:jump":1119,"minecraft:walk_on_water_one_cm":6937,"minecraft:total_world_time":52002,"minecraft:fall_one_cm":26966}},"DataVersion":3465}