{"stats":{"minecraft:killed":{"minecraft:pig":1,"minecraft:rabbit":1,"minecraft:creeper":1,"minecraft:skeleton":1,"minecraft:sheep":10,"minecraft:horse":6,"minecraft:zombie":1,"minecraft:bee":1,"minecraft:chicken":3,"minecraft:cow":1},"minecraft:mined":{"minecraft:crafting_table":6,"minecraft:torch":3,"minecraft:granite":6,"minecraft:grass_block":4,"minecraft:cobblestone":3,"minecraft:tall_grass":1,"minecraft:oak_planks":1,"minecraft:diorite":1,"minecraft:wall_torch":3,"minecraft:furnace":2,"minecraft:birch_log":13,"minecraft:iron_ore":29,"minecraft:wheat":6,"minecraft:andesite":7,"minecraft:birch_leaves":1,"minecraft:bee_nest":1,"minecraft:grass":3,"minecraft:oak_log":12,"minecraft:coal_ore":28,"minecraft:dirt":11,"minecraft:stone":103,"minecraft:oak_leaves":3},"minecraft:picked_up":{"minecraft:birch_log":13,"minecraft:crafting_table":5,"minecraft:wheat":6,"minecraft:chicken":3,"minecraft:andesite":7,"minecraft:leather":6,"minecraft:potato":1,"minecraft:flint":1,"minecraft:oak_log":12,"minecraft:dirt":15,"minecraft:raw_copper":3,"minecraft:bone":1,"minecraft:wheat_seeds":20,"minecraft:iron_ingot":3,"minecraft:beef":5,"minecraft:rabbit":1,"minecraft:poppy":2,"minecraft:light_gray_wool":2,"minecraft:oak_planks":1,"minecraft:birch_sapling":3,"minecraft:furnace":2,"minecraft:raw_iron":29,"minecraft:oak_door":3,"minecraft:torch":8,"minecraft:porkchop":3,"minecraft:diorite":1,"minecraft:arrow":1,"minecraft:rotten_flesh":1,"minecraft:hay_block":5,"minecraft:granite":6,"minecraft:black_wool":1,"minecraft:mutton":13,"minecraft:coal":68,"minecraft:cobblestone":105,"minecraft:white_wool":7},"minecraft:dropped":{"minecraft:iron_ingot":2,"minecraft:raw_copper":3,"minecraft:rotten_flesh":1,"minecraft:poppy":2,"minecraft:wooden_pickaxe":1},"minecraft:used":{"minecraft:stone_sword":47,"minecraft:rabbit":1,"minecraft:stone_pickaxe":133,"minecraft:oak_planks":1,"minecraft:wooden_pickaxe":21,"minecraft:iron_chestplate":1,"minecraft:torch":32,"minecraft:dirt":5,"minecraft:crafting_table":5,"minecraft:oak_log":1,"minecraft:iron_pickaxe":28,"minecraft:bread":11,"minecraft:stone_axe":40,"minecraft:cobblestone":32,"minecraft:furnace":2},"minecraft:crafted":{"minecraft:oak_planks":16,"minecraft:crafting_table":1,"minecraft:wooden_pickaxe":1,"minecraft:furnace":1,"minecraft:bucket":1,"minecraft:birch_planks":24,"minecraft:stone_axe":1,"minecraft:bread":17,"minecraft:air":0,"minecraft:iron_chestplate":1,"minecraft:shield":1,"minecraft:stick":16,"minecraft:iron_ingot":16,"minecraft:iron_pickaxe":1,"minecraft:stone_pickaxe":1,"minecraft:stone_sword":1,"minecraft:torch":28,"minecraft:wheat":45},"minecraft:broken":{"minecraft:stone_pickaxe":1},"minecraft:custom":{"minecraft:interact_with_furnace":19,"minecraft:mob_kills":26,"minecraft:interact_with_crafting_table":11,"minecraft:leave_game":1,"minecraft:time_since_death":40002,"minecraft:sleep_in_bed":1,"minecraft:time_since_rest":30544,"minecraft:sprint_one_cm":136824,"minecraft:damage_taken":355,"minecraft:walk_one_cm":61082,"minecraft:drop":6,"minecraft:damage_dealt":3225,"minecraft:swim_one_cm":18446,"minecraft:talked_to_villager":2,"minecraft:fly_one_cm":154653,"minecraft:crouch_one_cm":12713,"minecraft:play_time":40002,"minecraft:sneak_time":6139,"minecraft:walk_under_water_one_cm":3783,"minecraft:jump":896,"minecraft:walk_on_water_one_cm":6937,"minecraft:total_world_time":40002,"minecraft:fall_one_cm":21071}},"DataVersion":3465}