{"stats":{"minecraft:killed":{"minecraft:pig":2,"minecraft:rabbit":1,"minecraft:spider":2,"minecraft:creeper":2,"minecraft:skeleton":4,"minecraft:sheep":12,"minecraft:horse":6,"minecraft:zombie":10,"minecraft:bee":1,"minecraft:chicken":3,"minecraft:cow":1},"minecraft:mined":{"minecraft:deepslate_redstone_ore":2,"minecraft:tuff":10,"minecraft:deepslate_diamond_ore":27,"minecraft:crafting_table":8,"minecraft:torch":3,"minecraft:granite":6,"minecraft:grass_block":5,"minecraft:copper_ore":1,"minecraft:cobblestone":7,"minecraft:tall_grass":1,"minecraft:deepslate_gold_ore":5,"minecraft:oak_planks":1,"minecraft:diorite":7,"minecraft:wall_torch":3,"minecraft:deepslate_copper_ore":1,"minecraft:spawner":1,"minecraft:furnace":4,"minecraft:birch_log":13,"minecraft:iron_ore":63,"minecraft:wheat":6,"minecraft:andesite":16,"minecraft:birch_leaves":1,"minecraft:deepslate_lapis_ore":13,"minecraft:bee_nest":1,"minecraft:grass":3,"minecraft:oak_log":12,"minecraft:coal_ore":32,"minecraft:deepslate_iron_ore":30,"minecraft:dirt":16,"minecraft:cobweb":1,"minecraft:stone":228,"minecraft:gold_ore":5,"minecraft:deepslate":175,"minecraft:oak_leaves":3},"minecraft:picked_up":{"minecraft:birch_log":13,"minecraft:crafting_table":7,"minecraft:wheat":6,"minecraft:chicken":3,"minecraft:andesite":16,"minecraft:leather":6,"minecraft:potato":1,"minecraft:flint":1,"minecraft:tuff":10,"minecraft:oak_log":12,"minecraft:lapis_lazuli":63,"minecraft:dirt":36,"minecraft:raw_copper":3,"minecraft:cooked_mutton":6,"minecraft:bone":4,"minecraft:wheat_seeds":20,"minecraft:cobbled_deepslate":178,"minecraft:raw_gold":10,"minecraft:iron_ingot":3,"minecraft:beef":5,"minecraft:rabbit":1,"minecraft:poppy":2,"minecraft:light_gray_wool":2,"minecraft:oak_planks":1,"minecraft:birch_sapling":3,"minecraft:furnace":4,"minecraft:raw_iron":133,"minecraft:oak_door":3,"minecraft:torch":8,"minecraft:porkchop":3,"minecraft:diorite":7,"minecraft:redstone":8,"minecraft:arrow":3,"minecraft:rotten_flesh":5,"minecraft:diamond":27,"minecraft:hay_block":5,"minecraft:granite":6,"minecraft:black_wool":2,"minecraft:mutton":19,"minecraft:coal":75,"minecraft:cobblestone":224,"minecraft:white_wool":8},"minecraft:dropped":{"minecraft:iron_ingot":2,"minecraft:birch_planks":1,"minecraft:cobbled_deepslate":5,"minecraft:raw_copper":3,"minecraft:birch_sapling":3,"minecraft:rotten_flesh":5,"minecraft:light_gray_wool":2,"minecraft:flint":1,"minecraft:poppy":2,"minecraft:diorite":7,"minecraft:wooden_pickaxe":1,"minecraft:black_wool":1},"minecraft:used":{"minecraft:stone_sword":103,"minecraft:rabbit":1,"minecraft:stone_pickaxe":133,"minecraft:oak_planks":1,"minecraft:shield":23,"minecraft:wooden_pickaxe":21,"minecraft:iron_chestplate":1,"minecraft:torch":45,"minecraft:dirt":5,"minecraft:crafting_table":7,"minecraft:oak_log":1,"minecraft:iron_pickaxe":486,"minecraft:bread":17,"minecraft:iron_helmet":1,"minecraft:iron_boots":1,"minecraft:stone_axe":51,"minecraft:cobblestone":141,"minecraft:furnace":4,"minecraft:potato":1,"minecraft:cobbled_deepslate":109},"minecraft:crafted":{"minecraft:oak_planks":44,"minecraft:cooked_porkchop":3,"minecraft:crafting_table":1,"minecraft:wooden_pickaxe":1,"minecraft:iron_helmet":1,"minecraft:furnace":1,"minecraft:bucket":1,"minecraft:birch_planks":24,"minecraft:stone_axe":1,"minecraft:cooked_mutton":2,"minecraft:bread":17,"minecraft:air":0,"minecraft:iron_boots":1,"minecraft:iron_chestplate":1,"minecraft:shield":1,"minecraft:stick":36,"minecraft:iron_ingot":41,"minecraft:iron_pickaxe":2,"minecraft:stone_pickaxe":1,"minecraft:stone_sword":1,"minecraft:iron_leggings":1,"minecraft:torch":92,"minecraft:wheat":45},"minecraft:broken":{"minecraft:stone_pickaxe":1,"minecraft:iron_pickaxe":1},"minecraft:custom":{"minecraft:interact_with_furnace":39,"minecraft:mob_kills":44,"minecraft:interact_with_crafting_table":19,"minecraft:leave_game":1,"minecraft:time_since_death":76002,"minecraft:sleep_in_bed":1,"minecraft:time_since_rest":66544,"minecraft:sprint_one_cm":208024,"minecraft:damage_taken":605,"minecraft:walk_one_cm":117264,"minecraft:damage_blocked_by_shield":630,"minecraft:drop":18,"minecraft:damage_dealt":6924,"minecraft:swim_one_cm":18446,"minecraft:talked_to_villager":2,"minecraft:fly_one_cm":241576,"minecraft:crouch_one_cm":18878,"minecraft:play_time":76002,"minecraft:sneak_time":10400,"minecraft:walk_under_water_one_cm":3783,"minecraft:jump":1595,"minecraft:walk_on_water_one_cm":6937,"minecraft:total_world_time":76002,"minecraft:fall_one_cm":31970}},"DataVersion":3465}