{"stats":{"minecraft:killed":{"minecraft:pig":4,"minecraft:spider":5,"minecraft:iron_golem":1,"minecraft:sheep":9,"minecraft:skeleton":6,"minecraft:zombie":28,"minecraft:chicken":4,"minecraft:enderman":1,"minecraft:cow":8},"minecraft:mined":{"minecraft:white_bed":1,"minecraft:deepslate_diamond_ore":23,"minecraft:oak_door":1,"minecraft:obsidian":12,"minecraft:crafting_table":9,"minecraft:grass_block":1,"minecraft:tall_grass":4,"minecraft:cobblestone":6,"minecraft:lapis_ore":3,"minecraft:oak_planks":3,"minecraft:diorite":26,"minecraft:hay_block":10,"minecraft:seagrass":1,"minecraft:redstone_ore":2,"minecraft:furnace":8,"minecraft:birch_log":7,"minecraft:iron_ore":36,"minecraft:fire":1,"minecraft:andesite":2,"minecraft:birch_leaves":1,"minecraft:grass":29,"minecraft:oak_log":41,"minecraft:coal_ore":36,"minecraft:deepslate_iron_ore":1,"minecraft:gravel":4,"minecraft:dirt":4,"minecraft:stone":94,"minecraft:deepslate":27,"minecraft:oak_leaves":3},"minecraft:picked_up":{"minecraft:birch_log":7,"minecraft:crafting_table":10,"minecraft:feather":6,"minecraft:chicken":4,"minecraft:glow_ink_sac":2,"minecraft:andesite":2,"minecraft:leather":8,"minecraft:flint":2,"minecraft:oak_log":41,"minecraft:string":3,"minecraft:lapis_lazuli":17,"minecraft:dirt":6,"minecraft:raw_copper":3,"minecraft:bone":1,"minecraft:wheat_seeds":6,"minecraft:cobbled_deepslate":35,"minecraft:beef":14,"minecraft:iron_ingot":2,"minecraft:oak_boat":5,"minecraft:poppy":2,"minecraft:birch_sapling":1,"minecraft:oak_planks":3,"minecraft:furnace":8,"minecraft:raw_iron":38,"minecraft:cooked_porkchop":1,"minecraft:oak_door":1,"minecraft:gravel":2,"minecraft:torch":2,"minecraft:porkchop":14,"minecraft:diorite":26,"minecraft:white_bed":1,"minecraft:redstone":10,"minecraft:spider_eye":1,"minecraft:stone_sword":1,"minecraft:arrow":4,"minecraft:rotten_flesh":22,"minecraft:diamond":23,"minecraft:hay_block":10,"minecraft:obsidian":12,"minecraft:mutton":13,"minecraft:coal":36,"minecraft:cobblestone":106,"minecraft:white_wool":9},"minecraft:dropped":{"minecraft:oak_door":3,"minecraft:gravel":2,"minecraft:stone_axe":1,"minecraft:wheat_seeds":6,"minecraft:glow_ink_sac":2,"minecraft:stone_sword":2,"minecraft:raw_copper":3,"minecraft:feather":6,"minecraft:rotten_flesh":4,"minecraft:flint":1,"minecraft:dirt":1,"minecraft:hay_block":5,"minecraft:torch":3,"minecraft:andesite":2,"minecraft:spider_eye":1,"minecraft:arrow":1,"minecraft:iron_pickaxe":1,"minecraft:string":3,"minecraft:bone":1},"minecraft:used":{"minecraft:water_bucket":11,"minecraft:diorite":10,"minecraft:stone_sword":59,"minecraft:stone_pickaxe":73,"minecraft:oak_planks":22,"minecraft:poppy":2,"minecraft:shield":28,"minecraft:wooden_pickaxe":3,"minecraft:iron_sword":100,"minecraft:stone_hoe":11,"minecraft:oak_door":1,"minecraft:torch":5,"minecraft:dirt":5,"minecraft:crafting_table":10,"minecraft:obsidian":8,"minecraft:diamond_pickaxe":31,"minecraft:iron_axe":2,"minecraft:bread":21,"minecraft:birch_sapling":1,"minecraft:iron_pickaxe":172,"minecraft:iron_helmet":1,"minecraft:iron_boots":1,"minecraft:stone_axe":98,"minecraft:cobblestone":53,"minecraft:furnace":8,"minecraft:cooked_porkchop":4,"minecraft:bucket":13,"minecraft:oak_boat":5,"minecraft:cobbled_deepslate":6},"minecraft:crafted":{"minecraft:cooked_beef":14,"minecraft:oak_door":3,"minecraft:oak_planks":60,"minecraft:cooked_porkchop":7,"minecraft:crafting_table":1,"minecraft:cooked_chicken":4,"minecraft:wooden_pickaxe":1,"minecraft:iron_helmet":1,"minecraft:iron_sword":1,"minecraft:furnace":4,"minecraft:bucket":2,"minecraft:birch_planks":28,"minecraft:stone_axe":1,"minecraft:cooked_mutton":13,"minecraft:bread":15,"minecraft:air":0,"minecraft:oak_boat":1,"minecraft:diamond_pickaxe":1,"minecraft:iron_boots":1,"minecraft:iron_chestplate":1,"minecraft:shield":1,"minecraft:iron_axe":1,"minecraft:stick":28,"minecraft:iron_ingot":37,"minecraft:iron_pickaxe":1,"minecraft:stone_pickaxe":1,"minecraft:stone_sword":1,"minecraft:iron_leggings":1,"minecraft:torch":44,"minecraft:stone_hoe":1,"minecraft:wheat":45},"minecraft:custom":{"minecraft:interact_with_furnace":40,"minecraft:mob_kills":69,"minecraft:interact_with_crafting_table":25,"minecraft:leave_game":2,"minecraft:time_since_death":58626,"minecraft:time_since_rest":58626,"minecraft:sprint_one_cm":158283,"minecraft:damage_blocked_by_shield":730,"minecraft:damage_taken":1065,"minecraft:walk_one_cm":74307,"minecraft:drop":29,"minecraft:damage_dealt":11132,"minecraft:swim_one_cm":19089,"minecraft:fly_one_cm":232328,"minecraft:open_chest":2,"minecraft:crouch_one_cm":29296,"minecraft:play_time":58626,"minecraft:sneak_time":12995,"minecraft:walk_under_water_one_cm":4025,"minecraft:boat_one_cm":3960,"minecraft:jump":1252,"minecraft:walk_on_water_one_cm":3612,"minecraft:total_world_time":58626,"minecraft:fall_one_cm":42808}},"DataVersion":3465}