{"stats":{"minecraft:killed":{"minecraft:sheep":1,"minecraft:pig":3,"minecraft:chicken":3,"minecraft:cow":2},"minecraft:mined":{"minecraft:hay_block":10,"minecraft:white_bed":1,"minecraft:birch_log":7,"minecraft:birch_leaves":1,"minecraft:crafting_table":2,"minecraft:grass":8,"minecraft:oak_log":5,"minecraft:dirt":4,"minecraft:cobblestone":2,"minecraft:stone":48},"minecraft:picked_up":{"minecraft:birch_log":7,"minecraft:crafting_table":2,"minecraft:feather":3,"minecraft:chicken":3,"minecraft:porkchop":4,"minecraft:oak_log":5,"minecraft:white_bed":1,"minecraft:dirt":5,"minecraft:wheat_seeds":3,"minecraft:hay_block":10,"minecraft:beef":5,"minecraft:mutton":2,"minecraft:birch_sapling":1,"minecraft:white_wool":1,"minecraft:cobblestone":50},"minecraft:used":{"minecraft:stone_sword":14,"minecraft:bread":2,"minecraft:stone_pickaxe":47,"minecraft:birch_sapling":1,"minecraft:wooden_pickaxe":3,"minecraft:stone_hoe":11,"minecraft:stone_axe":10,"minecraft:dirt":5,"minecraft:crafting_table":2},"minecraft:crafted":{"minecraft:oak_planks":20,"minecraft:crafting_table":1,"minecraft:stick":12,"minecraft:wooden_pickaxe":1,"minecraft:stone_pickaxe":1,"minecraft:stone_sword":1,"minecraft:birch_planks":28,"minecraft:stone_hoe":1,"minecraft:stone_axe":1},"minecraft:custom":{"minecraft:time_since_rest":10626,"minecraft:sprint_one_cm":16953,"minecraft:damage_taken":70,"minecraft:walk_one_cm":7751,"minecraft:mob_kills":9,"minecraft:damage_dealt":700,"minecraft:interact_with_crafting_table":5,"minecraft:fly_one_cm":27110,"minecraft:open_chest":2,"minecraft:crouch_one_cm":5281,"minecraft:play_time":10626,"minecraft:sneak_time":2354,"minecraft:jump":142,"minecraft:leave_game":2,"minecraft:time_since_death":10626,"minecraft:total_world_time":10626,"minecraft:fall_one_cm":4749}},"DataVersion":3465}