{"stats":{"minecraft:killed":{"minecraft:pig":4,"minecraft:spider":3,"minecraft:iron_golem":1,"minecraft:sheep":9,"minecraft:skeleton":5,"minecraft:zombie":22,"minecraft:chicken":4,"minecraft:enderman":1,"minecraft:cow":8},"minecraft:mined":{"minecraft:white_bed":1,"minecraft:deepslate_diamond_ore":8,"minecraft:oak_door":1,"minecraft:crafting_table":8,"minecraft:grass_block":1,"minecraft:tall_grass":4,"minecraft:cobblestone":5,"minecraft:lapis_ore":3,"minecraft:oak_planks":3,"minecraft:diorite":26,"minecraft:hay_block":10,"minecraft:seagrass":1,"minecraft:redstone_ore":2,"minecraft:furnace":4,"minecraft:birch_log":7,"minecraft:iron_ore":36,"minecraft:fire":1,"minecraft:andesite":2,"minecraft:birch_leaves":1,"minecraft:grass":29,"minecraft:oak_log":41,"minecraft:coal_ore":36,"minecraft:gravel":1,"minecraft:dirt":4,"minecraft:stone":94,"minecraft:deepslate":12,"minecraft:oak_leaves":3},"minecraft:picked_up":{"minecraft:birch_log":7,"minecraft:crafting_table":9,"minecraft:feather":6,"minecraft:chicken":4,"minecraft:andesite":2,"minecraft:leather":8,"minecraft:flint":1,"minecraft:oak_log":41,"minecraft:string":2,"minecraft:lapis_lazuli":17,"minecraft:dirt":6,"minecraft:raw_copper":3,"minecraft:bone":1,"minecraft:wheat_seeds":6,"minecraft:cobbled_deepslate":14,"minecraft:beef":14,"minecraft:iron_ingot":2,"minecraft:oak_boat":5,"minecraft:poppy":2,"minecraft:birch_sapling":1,"minecraft:oak_planks":3,"minecraft:furnace":4,"minecraft:raw_iron":37,"minecraft:cooked_porkchop":1,"minecraft:oak_door":1,"minecraft:torch":2,"minecraft:porkchop":14,"minecraft:diorite":26,"minecraft:white_bed":1,"minecraft:redstone":10,"minecraft:stone_sword":1,"minecraft:arrow":4,"minecraft:rotten_flesh":19,"minecraft:diamond":8,"minecraft:hay_block":10,"minecraft:mutton":13,"minecraft:coal":36,"minecraft:cobblestone":105,"minecraft:white_wool":9},"minecraft:dropped":{"minecraft:oak_door":3,"minecraft:wheat_seeds":6,"minecraft:stone_sword":2,"minecraft:raw_copper":3,"minecraft:feather":6,"minecraft:rotten_flesh":4,"minecraft:flint":1,"minecraft:dirt":1,"minecraft:hay_block":5,"minecraft:torch":3,"minecraft:andesite":2,"minecraft:arrow":1,"minecraft:bone":1},"minecraft:used":{"minecraft:diorite":10,"minecraft:stone_sword":59,"minecraft:stone_pickaxe":73,"minecraft:oak_planks":22,"minecraft:poppy":2,"minecraft:shield":19,"minecraft:wooden_pickaxe":3,"minecraft:iron_sword":69,"minecraft:stone_hoe":11,"minecraft:oak_door":1,"minecraft:torch":5,"minecraft:dirt":5,"minecraft:crafting_table":9,"minecraft:bread":18,"minecraft:birch_sapling":1,"minecraft:iron_pickaxe":155,"minecraft:iron_helmet":1,"minecraft:iron_boots":1,"minecraft:stone_axe":97,"minecraft:cobblestone":47,"minecraft:furnace":4,"minecraft:oak_boat":5},"minecraft:crafted":{"minecraft:oak_door":3,"minecraft:oak_planks":60,"minecraft:cooked_porkchop":1,"minecraft:crafting_table":1,"minecraft:wooden_pickaxe":1,"minecraft:iron_helmet":1,"minecraft:iron_sword":1,"minecraft:furnace":2,"minecraft:birch_planks":28,"minecraft:stone_axe":1,"minecraft:bread":15,"minecraft:air":0,"minecraft:oak_boat":1,"minecraft:iron_boots":1,"minecraft:iron_chestplate":1,"minecraft:shield":1,"minecraft:stick":28,"minecraft:iron_ingot":30,"minecraft:iron_pickaxe":1,"minecraft:stone_pickaxe":1,"minecraft:stone_sword":1,"minecraft:iron_leggings":1,"minecraft:torch":44,"minecraft:stone_hoe":1,"minecraft:wheat":45},"minecraft:custom":{"minecraft:interact_with_furnace":16,"minecraft:mob_kills":58,"minecraft:interact_with_crafting_table":19,"minecraft:leave_game":2,"minecraft:time_since_death":46626,"minecraft:time_since_rest":46626,"minecraft:sprint_one_cm":132879,"minecraft:damage_blocked_by_shield":495,"minecraft:damage_taken":669,"minecraft:walk_one_cm":61611,"minecraft:drop":23,"minecraft:damage_dealt":9263,"minecraft:swim_one_cm":17999,"minecraft:fly_one_cm":181922,"minecraft:open_chest":2,"minecraft:crouch_one_cm":24971,"minecraft:play_time":46626,"minecraft:sneak_time":9112,"minecraft:walk_under_water_one_cm":2554,"minecraft:boat_one_cm":3960,"minecraft:jump":1014,"minecraft:walk_on_water_one_cm":1469,"minecraft:total_world_time":46626,"minecraft:fall_one_cm":32173}},"DataVersion":3465}