{"stats":{"minecraft:killed":{"minecraft:pig":4,"minecraft:iron_golem":1,"minecraft:sheep":9,"minecraft:skeleton":1,"minecraft:chicken":4,"minecraft:cow":8},"minecraft:mined":{"minecraft:white_bed":1,"minecraft:oak_door":1,"minecraft:crafting_table":6,"minecraft:grass_block":1,"minecraft:tall_grass":4,"minecraft:cobblestone":5,"minecraft:oak_planks":3,"minecraft:hay_block":10,"minecraft:seagrass":1,"minecraft:furnace":2,"minecraft:birch_log":7,"minecraft:iron_ore":29,"minecraft:fire":1,"minecraft:birch_leaves":1,"minecraft:grass":29,"minecraft:oak_log":41,"minecraft:coal_ore":35,"minecraft:gravel":1,"minecraft:dirt":4,"minecraft:stone":89,"minecraft:oak_leaves":3},"minecraft:picked_up":{"minecraft:birch_log":7,"minecraft:crafting_table":6,"minecraft:feather":3,"minecraft:chicken":4,"minecraft:leather":8,"minecraft:flint":1,"minecraft:oak_log":41,"minecraft:dirt":6,"minecraft:raw_copper":3,"minecraft:wheat_seeds":6,"minecraft:beef":14,"minecraft:iron_ingot":2,"minecraft:poppy":2,"minecraft:birch_sapling":1,"minecraft:oak_planks":3,"minecraft:furnace":2,"minecraft:raw_iron":30,"minecraft:cooked_porkchop":1,"minecraft:oak_door":1,"minecraft:torch":2,"minecraft:porkchop":14,"minecraft:white_bed":1,"minecraft:arrow":1,"minecraft:hay_block":10,"minecraft:mutton":13,"minecraft:coal":35,"minecraft:cobblestone":100,"minecraft:white_wool":9},"minecraft:dropped":{"minecraft:wheat_seeds":5,"minecraft:raw_copper":3,"minecraft:hay_block":5,"minecraft:torch":2},"minecraft:used":{"minecraft:stone_sword":55,"minecraft:stone_pickaxe":73,"minecraft:oak_planks":22,"minecraft:poppy":2,"minecraft:shield":2,"minecraft:wooden_pickaxe":3,"minecraft:stone_hoe":11,"minecraft:oak_door":1,"minecraft:torch":4,"minecraft:dirt":5,"minecraft:crafting_table":7,"minecraft:bread":11,"minecraft:birch_sapling":1,"minecraft:iron_pickaxe":87,"minecraft:stone_axe":76,"minecraft:cobblestone":43,"minecraft:furnace":4},"minecraft:crafted":{"minecraft:oak_door":3,"minecraft:oak_planks":60,"minecraft:cooked_porkchop":1,"minecraft:crafting_table":1,"minecraft:wooden_pickaxe":1,"minecraft:furnace":2,"minecraft:birch_planks":28,"minecraft:stone_axe":1,"minecraft:bread":15,"minecraft:air":0,"minecraft:shield":1,"minecraft:stick":12,"minecraft:iron_ingot":2,"minecraft:iron_pickaxe":1,"minecraft:stone_pickaxe":1,"minecraft:stone_sword":1,"minecraft:torch":4,"minecraft:stone_hoe":1,"minecraft:wheat":45},"minecraft:custom":{"minecraft:interact_with_furnace":8,"minecraft:mob_kills":27,"minecraft:interact_with_crafting_table":14,"minecraft:leave_game":2,"minecraft:time_since_death":34626,"minecraft:time_since_rest":34626,"minecraft:sprint_one_cm":96008,"minecraft:damage_blocked_by_shield":75,"minecraft:damage_taken":320,"minecraft:walk_one_cm":37538,"minecraft:drop":7,"minecraft:damage_dealt":3443,"minecraft:swim_one_cm":17999,"minecraft:fly_one_cm":138238,"minecraft:open_chest":2,"minecraft:crouch_one_cm":18601,"minecraft:play_time":34626,"minecraft:sneak_time":7318,"minecraft:walk_under_water_one_cm":2554,"minecraft:jump":705,"minecraft:walk_on_water_one_cm":1469,"minecraft:total_world_time":34626,"minecraft:fall_one_cm":24661}},"DataVersion":3465}