{"stats":{"minecraft:dropped":{"minecraft:iron_sword":1,"minecraft:birch_planks":2,"minecraft:wheat_seeds":7,"minecraft:glow_ink_sac":2,"minecraft:crafting_table":1,"minecraft:iron_helmet":1,"minecraft:feather":6,"minecraft:granite":3,"minecraft:flint":1,"minecraft:stick":1,"minecraft:dirt":1,"minecraft:dark_oak_fence":1,"minecraft:torch":3,"minecraft:iron_leggings":1,"minecraft:iron_pickaxe":1,"minecraft:string":7,"minecraft:bone":4,"minecraft:oak_door":3,"minecraft:gravel":2,"minecraft:stone_axe":1,"minecraft:oak_trapdoor":2,"minecraft:stone_sword":2,"minecraft:raw_copper":3,"minecraft:deepslate":1,"minecraft:rotten_flesh":4,"minecraft:iron_boots":1,"minecraft:nether_brick_fence":12,"minecraft:hay_block":5,"minecraft:iron_chestplate":1,"minecraft:andesite":2,"minecraft:spider_eye":4,"minecraft:arrow":1,"minecraft:stone_pickaxe":1,"minecraft:quartz":2},"minecraft:picked_up":{"minecraft:crafting_table":14,"minecraft:chicken":6,"minecraft:nether_brick_fence":12,"minecraft:raw_copper":3,"minecraft:string":7,"minecraft:oak_trapdoor":3,"minecraft:cobbled_deepslate":56,"minecraft:beef":19,"minecraft:oak_boat":7,"minecraft:poppy":2,"minecraft:light_gray_wool":1,"minecraft:sugar_cane":9,"minecraft:birch_sapling":1,"minecraft:furnace":9,"minecraft:raw_iron":38,"minecraft:oak_door":1,"minecraft:torch":3,"minecraft:porkchop":19,"minecraft:diorite":26,"minecraft:redstone":10,"minecraft:stone_sword":1,"minecraft:arrow":8,"minecraft:rotten_flesh":26,"minecraft:nether_bricks":109,"minecraft:hay_block":10,"minecraft:blaze_rod":14,"minecraft:obsidian":12,"minecraft:mutton":26,"minecraft:cobblestone":114,"minecraft:white_wool":16,"minecraft:birch_log":7,"minecraft:feather":6,"minecraft:glow_ink_sac":2,"minecraft:andesite":4,"minecraft:leather":18,"minecraft:flint":2,"minecraft:tuff":2,"minecraft:oak_log":41,"minecraft:lapis_lazuli":17,"minecraft:dirt":6,"minecraft:bone":4,"minecraft:wheat_seeds":7,"minecraft:iron_ingot":2,"minecraft:oak_planks":4,"minecraft:cooked_porkchop":1,"minecraft:quartz":2,"minecraft:gravel":2,"minecraft:white_bed":1,"minecraft:spider_eye":4,"minecraft:diamond":29,"minecraft:granite":3,"minecraft:emerald":2,"minecraft:dark_oak_fence":1,"minecraft:netherrack":100,"minecraft:coal":37},"minecraft:crafted":{"minecraft:oak_door":3,"minecraft:oak_planks":100,"minecraft:cooked_chicken":4,"minecraft:furnace":4,"minecraft:cooked_mutton":13,"minecraft:oak_trapdoor":4,"minecraft:flint_and_steel":1,"minecraft:diamond_helmet":1,"minecraft:diamond_leggings":1,"minecraft:iron_boots":1,"minecraft:iron_axe":1,"minecraft:stone_pickaxe":1,"minecraft:diamond_boots":1,"minecraft:stone_hoe":1,"minecraft:wheat":45,"minecraft:cooked_beef":14,"minecraft:diamond_sword":1,"minecraft:cooked_porkchop":7,"minecraft:crafting_table":2,"minecraft:wooden_pickaxe":1,"minecraft:iron_helmet":1,"minecraft:iron_sword":1,"minecraft:bucket":2,"minecraft:birch_planks":28,"minecraft:stone_axe":1,"minecraft:bread":15,"minecraft:air":0,"minecraft:oak_boat":1,"minecraft:book":1,"minecraft:iron_chestplate":1,"minecraft:paper":3,"minecraft:diamond_pickaxe":1,"minecraft:shield":1,"minecraft:stick":32,"minecraft:iron_ingot":38,"minecraft:iron_pickaxe":1,"minecraft:stone_sword":1,"minecraft:iron_leggings":1,"minecraft:torch":44,"minecraft:diamond_chestplate":1},"minecraft:used":{"minecraft:oak_trapdoor":5,"minecraft:stone_sword":59,"minecraft:flint_and_steel":4,"minecraft:poppy":2,"minecraft:shield":69,"minecraft:iron_sword":200,"minecraft:stone_hoe":11,"minecraft:cooked_chicken":4,"minecraft:netherrack":100,"minecraft:oak_door":1,"minecraft:torch":6,"minecraft:dirt":5,"minecraft:nether_bricks":94,"minecraft:tuff":2,"minecraft:obsidian":20,"minecraft:lava_bucket":2,"minecraft:iron_axe":81,"minecraft:birch_sapling":1,"minecraft:iron_helmet":1,"minecraft:iron_boots":1,"minecraft:light_gray_wool":1,"minecraft:furnace":9,"minecraft:cooked_beef":14,"minecraft:cobbled_deepslate":50,"minecraft:cooked_mutton":5,"minecraft:water_bucket":12,"minecraft:diorite":26,"minecraft:stone_pickaxe":73,"minecraft:oak_planks":56,"minecraft:wooden_pickaxe":3,"minecraft:crafting_table":14,"minecraft:white_bed":1,"minecraft:diamond_pickaxe":383,"minecraft:bread":21,"minecraft:iron_pickaxe":172,"minecraft:deepslate":2,"minecraft:stone_axe":98,"minecraft:diamond_sword":30,"minecraft:cobblestone":72,"minecraft:cooked_porkchop":8,"minecraft:andesite":2,"minecraft:bucket":16,"minecraft:oak_boat":7},"minecraft:custom":{"minecraft:mob_kills":141,"minecraft:interact_with_crafting_table":32,"minecraft:leave_game":7,"minecraft:time_since_death":114689,"minecraft:sprint_one_cm":256973,"minecraft:walk_one_cm":162018,"minecraft:damage_blocked_by_shield":2045,"minecraft:drop":53,"minecraft:play_time":114689,"minecraft:sneak_time":21808,"minecraft:walk_under_water_one_cm":4195,"minecraft:boat_one_cm":3960,"minecraft:jump":2159,"minecraft:walk_on_water_one_cm":4663,"minecraft:total_world_time":114689,"minecraft:interact_with_furnace":42,"minecraft:sleep_in_bed":1,"minecraft:time_since_rest":8004,"minecraft:damage_taken":3163,"minecraft:damage_dealt":23537,"minecraft:swim_one_cm":22566,"minecraft:fly_one_cm":383710,"minecraft:open_chest":6,"minecraft:crouch_one_cm":65749,"minecraft:fall_one_cm":70202},"minecraft:mined":{"minecraft:dark_oak_planks":2,"minecraft:diamond_ore":3,"minecraft:white_bed":1,"minecraft:deepslate_diamond_ore":23,"minecraft:oak_door":1,"minecraft:dark_oak_fence":1,"minecraft:obsidian":12,"minecraft:nether_bricks":166,"minecraft:granite":3,"minecraft:grass_block":1,"minecraft:hay_block":10,"minecraft:oak_trapdoor":3,"minecraft:redstone_ore":2,"minecraft:furnace":9,"minecraft:cobbled_deepslate":4,"minecraft:iron_ore":36,"minecraft:fire":21,"minecraft:andesite":4,"minecraft:nether_brick_fence":12,"minecraft:deepslate_iron_ore":1,"minecraft:stone":95,"minecraft:blackstone":1,"minecraft:basalt":2,"minecraft:crafting_table":12,"minecraft:torch":1,"minecraft:cobblestone":14,"minecraft:nether_quartz_ore":2,"minecraft:tall_grass":8,"minecraft:lapis_ore":3,"minecraft:sugar_cane":1,"minecraft:oak_planks":4,"minecraft:diorite":26,"minecraft:seagrass":1,"minecraft:birch_log":7,"minecraft:birch_leaves":1,"minecraft:grass":48,"minecraft:oak_log":41,"minecraft:coal_ore":36,"minecraft:gravel":4,"minecraft:dirt":4,"minecraft:cobweb":1,"minecraft:netherrack":132,"minecraft:oak_leaves":3,"minecraft:deepslate":40},"minecraft:killed":{"minecraft:spider":6,"minecraft:skeleton":8,"minecraft:chicken":6,"minecraft:pig":7,"minecraft:iron_golem":1,"minecraft:sheep":17,"minecraft:pillager":2,"minecraft:zombie":39,"minecraft:glow_squid":1,"minecraft:wither_skeleton":2,"minecraft:cow":10,"minecraft:enderman":1,"minecraft:blaze":38}},"DataVersion":3465}