{"stats":{"minecraft:killed":{"minecraft:sheep":9,"minecraft:pig":4,"minecraft:chicken":4,"minecraft:iron_golem":1,"minecraft:cow":8},"minecraft:mined":{"minecraft:seagrass":1,"minecraft:hay_block":10,"minecraft:white_bed":1,"minecraft:oak_door":1,"minecraft:iron_ore":2,"minecraft:fire":1,"minecraft:birch_log":7,"minecraft:birch_leaves":1,"minecraft:crafting_table":4,"minecraft:grass":29,"minecraft:grass_block":1,"minecraft:coal_ore":12,"minecraft:oak_log":41,"minecraft:gravel":1,"minecraft:dirt":4,"minecraft:tall_grass":4,"minecraft:cobblestone":2,"minecraft:stone":48,"minecraft:oak_planks":3,"minecraft:oak_leaves":3},"minecraft:picked_up":{"minecraft:birch_log":7,"minecraft:raw_iron":2,"minecraft:crafting_table":4,"minecraft:oak_door":1,"minecraft:feather":3,"minecraft:chicken":4,"minecraft:leather":8,"minecraft:flint":1,"minecraft:porkchop":8,"minecraft:oak_log":41,"minecraft:white_bed":1,"minecraft:dirt":6,"minecraft:wheat_seeds":6,"minecraft:hay_block":10,"minecraft:iron_ingot":2,"minecraft:beef":14,"minecraft:poppy":2,"minecraft:coal":12,"minecraft:oak_planks":3,"minecraft:birch_sapling":1,"minecraft:mutton":13,"minecraft:white_wool":9,"minecraft:cobblestone":50},"minecraft:dropped":{"minecraft:hay_block":5,"minecraft:wheat_seeds":5},"minecraft:used":{"minecraft:stone_sword":52,"minecraft:poppy":2,"minecraft:bread":6,"minecraft:stone_pickaxe":64,"minecraft:birch_sapling":1,"minecraft:oak_planks":22,"minecraft:wooden_pickaxe":3,"minecraft:stone_hoe":11,"minecraft:oak_door":1,"minecraft:stone_axe":71,"minecraft:dirt":5,"minecraft:crafting_table":4},"minecraft:crafted":{"minecraft:oak_door":3,"minecraft:oak_planks":60,"minecraft:crafting_table":1,"minecraft:stick":12,"minecraft:wooden_pickaxe":1,"minecraft:stone_pickaxe":1,"minecraft:stone_sword":1,"minecraft:birch_planks":28,"minecraft:stone_hoe":1,"minecraft:stone_axe":1,"minecraft:bread":15,"minecraft:wheat":45},"minecraft:custom":{"minecraft:time_since_rest":22626,"minecraft:sprint_one_cm":63168,"minecraft:damage_taken":120,"minecraft:walk_one_cm":23025,"minecraft:mob_kills":26,"minecraft:drop":4,"minecraft:damage_dealt":3131,"minecraft:swim_one_cm":17999,"minecraft:interact_with_crafting_table":7,"minecraft:fly_one_cm":123738,"minecraft:open_chest":2,"minecraft:crouch_one_cm":9141,"minecraft:play_time":22626,"minecraft:sneak_time":3739,"minecraft:walk_under_water_one_cm":1530,"minecraft:jump":582,"minecraft:leave_game":2,"minecraft:walk_on_water_one_cm":818,"minecraft:time_since_death":22626,"minecraft:total_world_time":22626,"minecraft:fall_one_cm":19301}},"DataVersion":3465}