{"stats":{"minecraft:killed":{"minecraft:spider":5,"minecraft:skeleton":6,"minecraft:chicken":4,"minecraft:pig":4,"minecraft:iron_golem":1,"minecraft:sheep":9,"minecraft:zombie":28,"minecraft:glow_squid":1,"minecraft:wither_skeleton":2,"minecraft:cow":8,"minecraft:enderman":1,"minecraft:blaze":38},"minecraft:mined":{"minecraft:white_bed":1,"minecraft:deepslate_diamond_ore":23,"minecraft:oak_door":1,"minecraft:obsidian":12,"minecraft:nether_bricks":163,"minecraft:grass_block":1,"minecraft:hay_block":10,"minecraft:oak_trapdoor":3,"minecraft:redstone_ore":2,"minecraft:furnace":9,"minecraft:cobbled_deepslate":4,"minecraft:fire":19,"minecraft:iron_ore":36,"minecraft:andesite":2,"minecraft:nether_brick_fence":12,"minecraft:deepslate_iron_ore":1,"minecraft:stone":94,"minecraft:blackstone":1,"minecraft:basalt":2,"minecraft:crafting_table":10,"minecraft:torch":1,"minecraft:nether_quartz_ore":2,"minecraft:cobblestone":14,"minecraft:tall_grass":4,"minecraft:lapis_ore":3,"minecraft:oak_planks":3,"minecraft:diorite":26,"minecraft:seagrass":1,"minecraft:birch_log":7,"minecraft:birch_leaves":1,"minecraft:grass":29,"minecraft:coal_ore":36,"minecraft:oak_log":41,"minecraft:gravel":4,"minecraft:dirt":4,"minecraft:netherrack":132,"minecraft:oak_leaves":3,"minecraft:deepslate":27},"minecraft:picked_up":{"minecraft:crafting_table":12,"minecraft:chicken":4,"minecraft:nether_brick_fence":12,"minecraft:oak_trapdoor":3,"minecraft:string":6,"minecraft:raw_copper":3,"minecraft:cobbled_deepslate":39,"minecraft:beef":14,"minecraft:oak_boat":7,"minecraft:poppy":2,"minecraft:birch_sapling":1,"minecraft:furnace":9,"minecraft:raw_iron":38,"minecraft:oak_door":1,"minecraft:torch":3,"minecraft:porkchop":14,"minecraft:diorite":26,"minecraft:redstone":10,"minecraft:stone_sword":1,"minecraft:arrow":4,"minecraft:rotten_flesh":22,"minecraft:nether_bricks":106,"minecraft:hay_block":10,"minecraft:blaze_rod":14,"minecraft:mutton":13,"minecraft:obsidian":12,"minecraft:white_wool":9,"minecraft:cobblestone":113,"minecraft:birch_log":7,"minecraft:feather":6,"minecraft:glow_ink_sac":2,"minecraft:andesite":2,"minecraft:leather":8,"minecraft:flint":2,"minecraft:oak_log":41,"minecraft:lapis_lazuli":17,"minecraft:dirt":6,"minecraft:bone":2,"minecraft:wheat_seeds":6,"minecraft:iron_ingot":2,"minecraft:oak_planks":3,"minecraft:cooked_porkchop":1,"minecraft:quartz":2,"minecraft:gravel":2,"minecraft:white_bed":1,"minecraft:spider_eye":4,"minecraft:diamond":23,"minecraft:netherrack":100,"minecraft:coal":37},"minecraft:dropped":{"minecraft:birch_planks":2,"minecraft:wheat_seeds":6,"minecraft:glow_ink_sac":2,"minecraft:crafting_table":1,"minecraft:feather":6,"minecraft:stick":1,"minecraft:flint":1,"minecraft:dirt":1,"minecraft:torch":3,"minecraft:iron_pickaxe":1,"minecraft:string":3,"minecraft:bone":2,"minecraft:oak_door":3,"minecraft:gravel":2,"minecraft:stone_axe":1,"minecraft:oak_trapdoor":1,"minecraft:stone_sword":2,"minecraft:raw_copper":3,"minecraft:rotten_flesh":4,"minecraft:nether_brick_fence":12,"minecraft:hay_block":5,"minecraft:andesite":2,"minecraft:spider_eye":4,"minecraft:arrow":1},"minecraft:used":{"minecraft:oak_trapdoor":5,"minecraft:stone_sword":59,"minecraft:flint_and_steel":1,"minecraft:poppy":2,"minecraft:shield":46,"minecraft:iron_sword":174,"minecraft:cooked_chicken":3,"minecraft:stone_hoe":11,"minecraft:netherrack":100,"minecraft:oak_door":1,"minecraft:torch":6,"minecraft:dirt":5,"minecraft:nether_bricks":90,"minecraft:obsidian":8,"minecraft:lava_bucket":1,"minecraft:iron_axe":54,"minecraft:birch_sapling":1,"minecraft:iron_helmet":1,"minecraft:iron_boots":1,"minecraft:furnace":9,"minecraft:cooked_beef":14,"minecraft:cobbled_deepslate":39,"minecraft:water_bucket":11,"minecraft:diorite":26,"minecraft:stone_pickaxe":73,"minecraft:oak_planks":55,"minecraft:wooden_pickaxe":3,"minecraft:crafting_table":12,"minecraft:diamond_pickaxe":357,"minecraft:bread":21,"minecraft:iron_pickaxe":172,"minecraft:stone_axe":98,"minecraft:cobblestone":71,"minecraft:cooked_porkchop":8,"minecraft:bucket":14,"minecraft:oak_boat":7},"minecraft:crafted":{"minecraft:oak_door":3,"minecraft:oak_planks":88,"minecraft:cooked_chicken":4,"minecraft:furnace":4,"minecraft:oak_trapdoor":4,"minecraft:cooked_mutton":13,"minecraft:flint_and_steel":1,"minecraft:iron_boots":1,"minecraft:iron_axe":1,"minecraft:stone_pickaxe":1,"minecraft:stone_hoe":1,"minecraft:wheat":45,"minecraft:cooked_beef":14,"minecraft:cooked_porkchop":7,"minecraft:crafting_table":1,"minecraft:wooden_pickaxe":1,"minecraft:iron_helmet":1,"minecraft:iron_sword":1,"minecraft:bucket":2,"minecraft:birch_planks":28,"minecraft:stone_axe":1,"minecraft:bread":15,"minecraft:air":0,"minecraft:oak_boat":1,"minecraft:iron_chestplate":1,"minecraft:diamond_pickaxe":1,"minecraft:shield":1,"minecraft:stick":28,"minecraft:iron_ingot":38,"minecraft:iron_pickaxe":1,"minecraft:stone_sword":1,"minecraft:iron_leggings":1,"minecraft:torch":44},"minecraft:custom":{"minecraft:mob_kills":110,"minecraft:interact_with_crafting_table":28,"minecraft:leave_game":3,"minecraft:time_since_death":95272,"minecraft:sprint_one_cm":211030,"minecraft:walk_one_cm":133336,"minecraft:damage_blocked_by_shield":1305,"minecraft:drop":38,"minecraft:play_time":95272,"minecraft:sneak_time":20454,"minecraft:walk_under_water_one_cm":4025,"minecraft:boat_one_cm":3960,"minecraft:jump":1761,"minecraft:walk_on_water_one_cm":3712,"minecraft:total_world_time":95272,"minecraft:interact_with_furnace":42,"minecraft:time_since_rest":95272,"minecraft:damage_taken":2900,"minecraft:damage_dealt":19276,"minecraft:swim_one_cm":19089,"minecraft:fly_one_cm":301648,"minecraft:open_chest":2,"minecraft:crouch_one_cm":62906,"minecraft:fall_one_cm":57825}},"DataVersion":3465}