{
  "minecraft:recipes/decorations/crafting_table": {
    "criteria": {
      "unlock_right_away": "2024-09-21 16:17:45 +0000"
    },
    "done": true
  },
  "blazeandcave:bacap/advancement_legend": {
    "criteria": {
      "diamonds": "2024-09-21 16:36:48 +0000",
      "steals_on_wheels": "2024-09-21 16:43:57 +0000",
      "benchmarking": "2024-09-21 16:20:05 +0000",
      "living_like_kings": "2024-09-21 16:58:23 +0000",
      "bacap_root": "2024-09-21 16:17:46 +0000",
      "do_you_want_to_trade": "2024-09-21 16:23:54 +0000",
      "gold_mine": "2024-09-21 16:44:06 +0000",
      "the_mighty_jungle": "2024-09-21 16:53:54 +0000",
      "mining_root": "2024-09-21 16:20:18 +0000",
      "ice_bucket_challenge": "2024-09-21 16:58:19 +0000",
      "farming_root": "2024-09-21 16:26:01 +0000",
      "unbreakable": "2024-09-21 17:25:46 +0000",
      "its_a_cactus": "2024-09-21 16:45:27 +0000",
      "weaponry_root": "2024-09-21 16:20:44 +0000",
      "tarzan": "2024-09-21 16:54:06 +0000",
      "time_to_chop": "2024-09-21 16:20:37 +0000",
      "not_today_thank_you": "2024-09-21 16:44:29 +0000",
      "spooky_skeleton": "2024-09-21 16:44:38 +0000",
      "viking": "2024-09-21 16:21:33 +0000",
      "hay_there": "2024-09-21 16:27:12 +0000",
      "wooly": "2024-09-21 16:21:07 +0000",
      "i_hereby_dub_thee": "2024-09-21 16:43:59 +0000",
      "bake_bread": "2024-09-21 16:24:12 +0000",
      "monsters_root": "2024-09-21 16:20:44 +0000",
      "spikey": "2024-09-21 16:45:42 +0000",
      "adventure_root": "2024-09-21 16:21:07 +0000",
      "stone_age": "2024-09-21 16:20:19 +0000",
      "aww_it_broke": "2024-09-21 16:56:43 +0000",
      "kilometre_walk": "2024-09-21 16:40:57 +0000",
      "stationary_storage": "2024-09-21 16:28:47 +0000",
      "getting_wood": "2024-09-21 16:19:41 +0000",
      "isnt_it_iron_pick": "2024-09-21 16:29:33 +0000",
      "blast_it": "2024-09-21 16:32:34 +0000",
      "just_keep_swimming": "2024-09-21 16:31:36 +0000",
      "gold_rush": "2024-09-21 16:36:52 +0000",
      "spring_in_your_step": "2024-09-21 16:51:16 +0000",
      "sugar_sugar": "2024-09-21 16:30:49 +0000",
      "i_dont_like_sand": "2024-09-21 16:46:57 +0000",
      "getting_an_upgrade": "2024-09-21 16:20:48 +0000",
      "boatception": "2024-09-21 16:35:51 +0000",
      "now_youre_thinking_with_portals": "2024-09-21 16:58:19 +0000",
      "time_to_farm": "2024-09-21 16:26:01 +0000",
      "x_marks_the_spot": "2024-09-21 16:36:47 +0000",
      "time_to_strike": "2024-09-21 16:20:44 +0000",
      "loot_em": "2024-09-21 16:54:40 +0000",
      "acquire_hardware": "2024-09-21 16:25:18 +0000",
      "luxury_cruise": "2024-09-21 16:41:08 +0000",
      "the_first_night": "2024-09-21 16:28:04 +0000",
      "sir_knight": "2024-09-21 16:29:26 +0000",
      "cow_tipper": "2024-09-21 16:21:37 +0000",
      "desert_nomad": "2024-09-21 16:45:42 +0000",
      "building_root": "2024-09-21 16:20:05 +0000",
      "tickle_time": "2024-09-21 16:35:19 +0000",
      "sweet_dreams": "2024-09-21 16:27:49 +0000",
      "heart_of_darkness": "2024-09-21 16:35:08 +0000",
      "ladder_climbers_inc": "2024-09-21 16:24:46 +0000",
      "loser": "2024-09-21 16:19:15 +0000",
      "change_of_sheets": "2024-09-21 16:48:22 +0000",
      "the_sea_calls_you": "2024-09-21 16:33:59 +0000",
      "diam_oh_wait_no": "2024-09-21 16:35:38 +0000",
      "animal_root": "2024-09-21 16:24:17 +0000",
      "for_you_my_sweet": "2024-09-21 16:26:04 +0000",
      "boaty_mcboatface": "2024-09-21 16:33:51 +0000",
      "shield_luck": "2024-09-21 16:44:29 +0000",
      "not_chicken_mcnuggets": "2024-09-21 16:35:39 +0000",
      "monster_hunter": "2024-09-21 16:44:38 +0000",
      "statistics_root": "2024-09-21 16:28:05 +0000",
      "the_great_blocky_reef": "2024-09-21 16:42:36 +0000",
      "time_to_mine": "2024-09-21 16:20:18 +0000",
      "bacon": "2024-09-21 16:24:29 +0000",
      "sneaky_snitch": "2024-09-21 16:49:10 +0000",
      "biomes_root": "2024-09-21 16:21:07 +0000",
      "ahoy": "2024-09-21 16:34:56 +0000",
      "stairs_no": "2024-09-21 16:28:20 +0000"
    },
    "done": false
  },
  "blazeandcave:biomes/one_with_the_forest": {
    "criteria": {
      "old_growth_birch_forest": "2024-09-21 16:59:10 +0000",
      "forest": "2024-09-21 16:38:38 +0000",
      "plains": "2024-09-21 16:17:46 +0000",
      "birch_forest": "2024-09-21 16:59:21 +0000"
    },
    "done": false
  },
  "blazeandcave:challenges/explorer_of_worlds": {
    "criteria": {
      "warm_ocean": "2024-09-21 16:42:35 +0000",
      "forest": "2024-09-21 16:38:38 +0000",
      "stony_shore": "2024-09-21 16:40:56 +0000",
      "sparse_jungle": "2024-09-21 16:53:53 +0000",
      "birch_forest": "2024-09-21 16:59:21 +0000",
      "deep_lukewarm_ocean": "2024-09-21 16:42:04 +0000",
      "eroded_badlands": "2024-09-21 16:43:54 +0000",
      "badlands": "2024-09-21 16:51:39 +0000",
      "old_growth_birch_forest": "2024-09-21 16:59:10 +0000",
      "lukewarm_ocean": "2024-09-21 16:41:07 +0000",
      "ocean": "2024-09-21 16:33:58 +0000",
      "savanna": "2024-09-21 16:50:38 +0000",
      "plains": "2024-09-21 16:17:46 +0000",
      "beach": "2024-09-21 16:33:37 +0000",
      "river": "2024-09-21 16:24:17 +0000",
      "desert": "2024-09-21 16:42:57 +0000"
    },
    "done": false
  },
  "blazeandcave:bacap/root": {
    "criteria": {
      "location": "2024-09-21 16:17:46 +0000"
    },
    "done": true
  },
  "minecraft:adventure/adventuring_time": {
    "criteria": {
      "badlands": "2024-09-21 16:43:54 +0000",
      "warm_ocean": "2024-09-21 16:42:35 +0000",
      "forest": "2024-09-21 16:38:38 +0000",
      "lukewarm_ocean": "2024-09-21 16:41:07 +0000",
      "ocean": "2024-09-21 16:33:58 +0000",
      "plains": "2024-09-21 16:17:46 +0000",
      "savanna": "2024-09-21 16:50:38 +0000",
      "beach": "2024-09-21 16:33:37 +0000",
      "birch_forest": "2024-09-21 16:59:10 +0000",
      "jungle": "2024-09-21 16:53:53 +0000",
      "river": "2024-09-21 16:24:17 +0000",
      "desert": "2024-09-21 16:42:57 +0000"
    },
    "done": false
  },
  "blazeandcave:weaponry/loser": {
    "criteria": {
      "trigger": "2024-09-21 16:19:14 +0000"
    },
    "done": true
  },
  "blazeandcave:bacap/weaponry_milestone": {
    "criteria": {
      "root": "2024-09-21 16:20:44 +0000",
      "shield_luck": "2024-09-21 16:44:29 +0000",
      "sir_knight": "2024-09-21 16:29:26 +0000",
      "loser": "2024-09-21 16:19:15 +0000",
      "viking": "2024-09-21 16:21:33 +0000"
    },
    "done": false
  },
  "blazeandcave:challenges/all_the_blocks": {
    "criteria": {
      "white_wool": "2024-09-21 16:21:07 +0000",
      "chest": "2024-09-21 16:28:45 +0000",
      "cyan_bed": "2024-09-21 16:48:22 +0000",
      "obsidian": "2024-09-21 16:58:19 +0000",
      "poppy": "2024-09-21 16:26:04 +0000",
      "crafting_table": "2024-09-21 16:20:05 +0000",
      "oak_sapling": "2024-09-21 16:20:56 +0000",
      "oak_planks": "2024-09-21 16:20:02 +0000",
      "dirt": "2024-09-21 16:20:08 +0000",
      "torch": "2024-09-21 16:44:03 +0000",
      "hay_block": "2024-09-21 16:26:04 +0000",
      "bell": "2024-09-21 17:27:40 +0000",
      "white_bed": "2024-09-21 16:24:47 +0000",
      "dandelion": "2024-09-21 16:26:04 +0000",
      "gravel": "2024-09-21 16:36:47 +0000",
      "sand": "2024-09-21 16:46:57 +0000",
      "oak_stairs": "2024-09-21 16:28:20 +0000",
      "gold_block": "2024-09-21 16:58:32 +0000",
      "oak_log": "2024-09-21 16:19:41 +0000",
      "cobblestone": "2024-09-21 16:20:19 +0000",
      "black_wool": "2024-09-21 16:21:30 +0000",
      "cactus": "2024-09-21 16:45:27 +0000",
      "blast_furnace": "2024-09-21 16:32:34 +0000"
    },
    "done": false
  },
  "blazeandcave:building/yay_i_got_my_wood": {
    "criteria": {
      "oak_log": "2024-09-21 16:19:41 +0000"
    },
    "done": false
  },
  "minecraft:recipes/misc/charcoal": {
    "criteria": {
      "has_log": "2024-09-21 16:19:41 +0000"
    },
    "done": true
  },
  "blazeandcave:bacap/getting_wood": {
    "criteria": {
      "oak_log": "2024-09-21 16:19:41 +0000"
    },
    "done": true
  },
  "minecraft:recipes/building_blocks/oak_planks": {
    "criteria": {
      "has_logs": "2024-09-21 16:19:41 +0000"
    },
    "done": true
  },
  "blazeandcave:building/professor_oak": {
    "criteria": {
      "oak_stairs": "2024-09-21 16:28:20 +0000",
      "oak_log": "2024-09-21 16:19:41 +0000",
      "oak_planks": "2024-09-21 16:20:02 +0000",
      "oak_boat": "2024-09-21 16:33:47 +0000"
    },
    "done": false
  },
  "minecraft:recipes/building_blocks/oak_wood": {
    "criteria": {
      "has_log": "2024-09-21 16:19:41 +0000"
    },
    "done": true
  },
  "minecraft:recipes/decorations/oak_sign": {
    "criteria": {
      "has_planks": "2024-09-21 16:20:02 +0000"
    },
    "done": true
  },
  "minecraft:recipes/redstone/oak_trapdoor": {
    "criteria": {
      "has_planks": "2024-09-21 16:20:02 +0000"
    },
    "done": true
  },
  "minecraft:recipes/misc/stick": {
    "criteria": {
      "has_planks": "2024-09-21 16:20:02 +0000"
    },
    "done": true
  },
  "minecraft:recipes/building_blocks/oak_stairs": {
    "criteria": {
      "has_planks": "2024-09-21 16:20:02 +0000"
    },
    "done": true
  },
  "minecraft:recipes/decorations/oak_fence": {
    "criteria": {
      "has_planks": "2024-09-21 16:20:02 +0000"
    },
    "done": true
  },
  "minecraft:recipes/redstone/oak_button": {
    "criteria": {
      "has_planks": "2024-09-21 16:20:02 +0000"
    },
    "done": true
  },
  "minecraft:recipes/building_blocks/oak_slab": {
    "criteria": {
      "has_planks": "2024-09-21 16:20:02 +0000"
    },
    "done": true
  },
  "minecraft:recipes/redstone/oak_fence_gate": {
    "criteria": {
      "has_planks": "2024-09-21 16:20:02 +0000"
    },
    "done": true
  },
  "minecraft:recipes/redstone/oak_pressure_plate": {
    "criteria": {
      "has_planks": "2024-09-21 16:20:02 +0000"
    },
    "done": true
  },
  "minecraft:recipes/redstone/oak_door": {
    "criteria": {
      "has_planks": "2024-09-21 16:20:02 +0000"
    },
    "done": true
  },
  "minecraft:recipes/decorations/barrel": {
    "criteria": {
      "has_planks": "2024-09-21 16:20:02 +0000"
    },
    "done": true
  },
  "minecraft:recipes/decorations/ladder": {
    "criteria": {
      "has_stick": "2024-09-21 16:20:05 +0000"
    },
    "done": true
  },
  "blazeandcave:technical/bacap_branch_end": {
    "criteria": {
      "crafting_table": "2024-09-21 16:20:05 +0000"
    },
    "done": true
  },
  "minecraft:recipes/tools/wooden_axe": {
    "criteria": {
      "has_stick": "2024-09-21 16:20:05 +0000"
    },
    "done": true
  },
  "blazeandcave:building/root": {
    "criteria": {
      "crafting_table": "2024-09-21 16:20:05 +0000"
    },
    "done": true
  },
  "minecraft:recipes/decorations/campfire": {
    "criteria": {
      "has_stick": "2024-09-21 16:20:05 +0000"
    },
    "done": true
  },
  "minecraft:recipes/tools/wooden_hoe": {
    "criteria": {
      "has_stick": "2024-09-21 16:20:05 +0000"
    },
    "done": true
  },
  "minecraft:recipes/tools/wooden_pickaxe": {
    "criteria": {
      "has_stick": "2024-09-21 16:20:05 +0000"
    },
    "done": true
  },
  "blazeandcave:challenges/all_the_items": {
    "criteria": {
      "water_bucket": "2024-09-21 16:35:51 +0000",
      "raw_iron": "2024-09-21 16:32:34 +0000",
      "feather": "2024-09-21 16:35:19 +0000",
      "shield": "2024-09-21 16:29:26 +0000",
      "iron_hoe": "2024-09-21 16:49:42 +0000",
      "filled_map": "2024-09-21 16:35:12 +0000",
      "saddle": "2024-09-21 17:26:42 +0000",
      "arrow": "2024-09-21 16:44:38 +0000",
      "book": "2024-09-21 16:25:27 +0000",
      "beef": "2024-09-21 16:21:34 +0000",
      "stone_sword": "2024-09-21 16:20:44 +0000",
      "porkchop": "2024-09-21 16:24:29 +0000",
      "iron_ingot": "2024-09-21 16:25:18 +0000",
      "iron_axe": "2024-09-21 16:57:06 +0000",
      "apple": "2024-09-21 16:25:48 +0000",
      "paper": "2024-09-21 16:35:16 +0000",
      "gold_ingot": "2024-09-21 16:36:52 +0000",
      "potato": "2024-09-21 16:25:47 +0000",
      "iron_sword": "2024-09-21 16:57:01 +0000",
      "lapis_lazuli": "2024-09-21 16:35:37 +0000",
      "iron_nugget": "2024-09-21 16:35:39 +0000",
      "iron_pickaxe": "2024-09-21 16:29:33 +0000",
      "stick": "2024-09-21 16:20:05 +0000",
      "wheat": "2024-09-21 16:29:13 +0000",
      "name_tag": "2024-09-21 16:43:59 +0000",
      "stone_pickaxe": "2024-09-21 16:20:48 +0000",
      "mutton": "2024-09-21 16:21:07 +0000",
      "wheat_seeds": "2024-09-21 16:27:05 +0000",
      "golden_apple": "2024-09-21 16:51:48 +0000",
      "bread": "2024-09-21 16:24:12 +0000",
      "gold_nugget": "2024-09-21 17:25:19 +0000",
      "wooden_pickaxe": "2024-09-21 16:20:17 +0000",
      "raw_gold": "2024-09-21 16:44:05 +0000",
      "bone": "2024-09-21 16:44:38 +0000",
      "golden_carrot": "2024-09-21 17:25:10 +0000",
      "leather": "2024-09-21 16:21:37 +0000",
      "stone_hoe": "2024-09-21 16:26:01 +0000",
      "bucket": "2024-09-21 16:46:50 +0000",
      "diamond": "2024-09-21 16:36:48 +0000",
      "golden_hoe": "2024-09-21 17:25:45 +0000",
      "sugar_cane": "2024-09-21 16:30:49 +0000",
      "golden_helmet": "2024-09-21 16:58:22 +0000",
      "leather_leggings": "2024-09-21 17:26:34 +0000",
      "oak_boat": "2024-09-21 16:33:47 +0000",
      "cooked_salmon": "2024-09-21 16:36:50 +0000",
      "nautilus_shell": "2024-09-21 16:34:55 +0000",
      "stone_axe": "2024-09-21 16:20:37 +0000",
      "emerald": "2024-09-21 16:25:51 +0000"
    },
    "done": false
  },
  "blazeandcave:bacap/building_milestone": {
    "criteria": {
      "stationary_storage": "2024-09-21 16:28:47 +0000",
      "blast_it": "2024-09-21 16:32:34 +0000",
      "sweet_dreams": "2024-09-21 16:27:49 +0000",
      "root": "2024-09-21 16:20:05 +0000",
      "ladder_climbers_inc": "2024-09-21 16:24:46 +0000",
      "change_of_sheets": "2024-09-21 16:48:22 +0000",
      "i_dont_like_sand": "2024-09-21 16:46:57 +0000",
      "stairs_no": "2024-09-21 16:28:20 +0000"
    },
    "done": false
  },
  "minecraft:recipes/tools/wooden_shovel": {
    "criteria": {
      "has_stick": "2024-09-21 16:20:05 +0000"
    },
    "done": true
  },
  "minecraft:recipes/combat/wooden_sword": {
    "criteria": {
      "has_stick": "2024-09-21 16:20:05 +0000"
    },
    "done": true
  },
  "minecraft:story/root": {
    "criteria": {
      "crafting_table": "2024-09-21 16:20:05 +0000"
    },
    "done": true
  },
  "blazeandcave:challenges/stack_all_the_items": {
    "criteria": {
      "water_bucket": "2024-09-21 16:35:51 +0000",
      "shield": "2024-09-21 16:29:26 +0000",
      "iron_hoe": "2024-09-21 16:49:42 +0000",
      "bread": "2024-09-21 16:29:15 +0000",
      "saddle": "2024-09-21 17:26:42 +0000",
      "wooden_pickaxe": "2024-09-21 16:20:17 +0000",
      "stone_sword": "2024-09-21 16:20:44 +0000",
      "stone_hoe": "2024-09-21 16:26:01 +0000",
      "iron_axe": "2024-09-21 16:57:06 +0000",
      "golden_hoe": "2024-09-21 17:25:45 +0000",
      "sugar_cane": "2024-09-21 16:43:18 +0000",
      "golden_helmet": "2024-09-21 16:58:22 +0000",
      "leather_leggings": "2024-09-21 17:26:34 +0000",
      "iron_sword": "2024-09-21 16:57:01 +0000",
      "oak_boat": "2024-09-21 16:33:47 +0000",
      "iron_pickaxe": "2024-09-21 16:29:33 +0000",
      "wheat": "2024-09-21 16:29:13 +0000",
      "stone_pickaxe": "2024-09-21 16:20:48 +0000",
      "stone_axe": "2024-09-21 16:20:37 +0000"
    },
    "done": false
  },
  "blazeandcave:bacap/time_to_mine": {
    "criteria": {
      "wooden_pickaxe": "2024-09-21 16:20:17 +0000"
    },
    "done": true
  },
  "blazeandcave:mining/root": {
    "criteria": {
      "pickaxe": "2024-09-21 16:20:17 +0000"
    },
    "done": true
  },
  "blazeandcave:bacap/mining_milestone": {
    "criteria": {
      "diam_oh_wait_no": "2024-09-21 16:35:38 +0000",
      "diamonds": "2024-09-21 16:36:48 +0000",
      "steals_on_wheels": "2024-09-21 16:43:57 +0000",
      "acquire_hardware": "2024-09-21 16:25:18 +0000",
      "living_like_kings": "2024-09-21 16:58:23 +0000",
      "not_chicken_mcnuggets": "2024-09-21 16:35:39 +0000",
      "gold_mine": "2024-09-21 16:44:06 +0000",
      "stone_age": "2024-09-21 16:20:19 +0000",
      "aww_it_broke": "2024-09-21 16:56:43 +0000",
      "isnt_it_iron_pick": "2024-09-21 16:29:33 +0000",
      "ice_bucket_challenge": "2024-09-21 16:58:19 +0000",
      "gold_rush": "2024-09-21 16:36:52 +0000",
      "root": "2024-09-21 16:20:18 +0000",
      "heart_of_darkness": "2024-09-21 16:35:08 +0000",
      "getting_an_upgrade": "2024-09-21 16:20:48 +0000"
    },
    "done": false
  },
  "minecraft:recipes/redstone/lever": {
    "criteria": {
      "has_cobblestone": "2024-09-21 16:20:19 +0000"
    },
    "done": true
  },
  "minecraft:recipes/combat/stone_sword": {
    "criteria": {
      "has_cobblestone": "2024-09-21 16:20:19 +0000"
    },
    "done": true
  },
  "minecraft:recipes/decorations/cobblestone_wall": {
    "criteria": {
      "has_cobblestone": "2024-09-21 16:20:19 +0000"
    },
    "done": true
  },
  "minecraft:recipes/tools/stone_axe": {
    "criteria": {
      "has_cobblestone": "2024-09-21 16:20:19 +0000"
    },
    "done": true
  },
  "minecraft:story/mine_stone": {
    "criteria": {
      "cobblestone": "2024-09-21 16:20:19 +0000"
    },
    "done": true
  },
  "minecraft:recipes/decorations/furnace": {
    "criteria": {
      "has_cobblestone": "2024-09-21 16:20:19 +0000"
    },
    "done": true
  },
  "minecraft:recipes/building_blocks/cobblestone_slab_from_cobblestone_stonecutting": {
    "criteria": {
      "has_cobblestone": "2024-09-21 16:20:19 +0000"
    },
    "done": true
  },
  "minecraft:recipes/building_blocks/stone": {
    "criteria": {
      "has_cobblestone": "2024-09-21 16:20:19 +0000"
    },
    "done": true
  },
  "blazeandcave:building/rock_collection": {
    "criteria": {
      "cobblestone": "2024-09-21 16:20:19 +0000"
    },
    "done": false
  },
  "minecraft:recipes/tools/stone_pickaxe": {
    "criteria": {
      "has_cobblestone": "2024-09-21 16:20:19 +0000"
    },
    "done": true
  },
  "minecraft:recipes/building_blocks/cobblestone_slab": {
    "criteria": {
      "has_cobblestone": "2024-09-21 16:20:19 +0000"
    },
    "done": true
  },
  "minecraft:recipes/decorations/cobblestone_wall_from_cobblestone_stonecutting": {
    "criteria": {
      "has_cobblestone": "2024-09-21 16:20:19 +0000"
    },
    "done": true
  },
  "minecraft:recipes/building_blocks/cobblestone_stairs_from_cobblestone_stonecutting": {
    "criteria": {
      "has_cobblestone": "2024-09-21 16:20:19 +0000"
    },
    "done": true
  },
  "minecraft:recipes/building_blocks/cobblestone_stairs": {
    "criteria": {
      "has_cobblestone": "2024-09-21 16:20:19 +0000"
    },
    "done": true
  },
  "minecraft:recipes/tools/stone_hoe": {
    "criteria": {
      "has_cobblestone": "2024-09-21 16:20:19 +0000"
    },
    "done": true
  },
  "minecraft:recipes/tools/stone_shovel": {
    "criteria": {
      "has_cobblestone": "2024-09-21 16:20:19 +0000"
    },
    "done": true
  },
  "blazeandcave:bacap/time_to_chop": {
    "criteria": {
      "stone_axe": "2024-09-21 16:20:37 +0000"
    },
    "done": true
  },
  "blazeandcave:mining/moar_tools": {
    "criteria": {
      "stone_pickaxe": "2024-09-21 16:20:48 +0000",
      "stone_axe": "2024-09-21 16:20:37 +0000",
      "stone_hoe": "2024-09-21 16:26:01 +0000"
    },
    "done": false
  },
  "blazeandcave:weaponry/root": {
    "criteria": {
      "sword": "2024-09-21 16:20:44 +0000"
    },
    "done": true
  },
  "blazeandcave:bacap/monsters_milestone": {
    "criteria": {
      "desert_nomad": "2024-09-21 16:45:42 +0000",
      "root": "2024-09-21 16:20:44 +0000",
      "monster_hunter": "2024-09-21 16:44:38 +0000",
      "not_today_thank_you": "2024-09-21 16:44:29 +0000",
      "spooky_skeleton": "2024-09-21 16:44:38 +0000"
    },
    "done": false
  },
  "blazeandcave:bacap/time_to_strike": {
    "criteria": {
      "stone_sword": "2024-09-21 16:20:44 +0000"
    },
    "done": true
  },
  "blazeandcave:monsters/root": {
    "criteria": {
      "sword": "2024-09-21 16:20:44 +0000"
    },
    "done": true
  },
  "minecraft:recipes/decorations/torch": {
    "criteria": {
      "has_stone_pickaxe": "2024-09-21 16:20:48 +0000"
    },
    "done": true
  },
  "minecraft:story/upgrade_tools": {
    "criteria": {
      "stone_pickaxe": "2024-09-21 16:20:48 +0000"
    },
    "done": true
  },
  "blazeandcave:weaponry/multiclassed": {
    "criteria": {
      "sword": "2024-09-21 16:21:06 +0000",
      "axe": "2024-09-21 16:21:33 +0000"
    },
    "done": false
  },
  "minecraft:recipes/food/cooked_mutton_from_smoking": {
    "criteria": {
      "has_mutton": "2024-09-21 16:21:07 +0000"
    },
    "done": true
  },
  "minecraft:recipes/decorations/painting": {
    "criteria": {
      "has_wool": "2024-09-21 16:21:07 +0000"
    },
    "done": true
  },
  "minecraft:recipes/decorations/chest": {
    "criteria": {
      "has_lots_of_items": "2024-09-21 16:21:07 +0000"
    },
    "done": true
  },
  "blazeandcave:animal/wooly": {
    "criteria": {
      "sheep": "2024-09-21 16:21:07 +0000"
    },
    "done": true
  },
  "blazeandcave:bacap/biomes_milestone": {
    "criteria": {
      "x_marks_the_spot": "2024-09-21 16:36:47 +0000",
      "kilometre_walk": "2024-09-21 16:40:57 +0000",
      "just_keep_swimming": "2024-09-21 16:31:36 +0000",
      "for_you_my_sweet": "2024-09-21 16:26:04 +0000",
      "root": "2024-09-21 16:21:07 +0000",
      "boaty_mcboatface": "2024-09-21 16:33:51 +0000",
      "the_mighty_jungle": "2024-09-21 16:53:54 +0000",
      "tarzan": "2024-09-21 16:54:06 +0000",
      "the_sea_calls_you": "2024-09-21 16:33:59 +0000",
      "ahoy": "2024-09-21 16:34:56 +0000",
      "the_great_blocky_reef": "2024-09-21 16:42:36 +0000",
      "boatception": "2024-09-21 16:35:51 +0000"
    },
    "done": false
  },
  "blazeandcave:animal/rainbow_collection": {
    "criteria": {
      "white_wool": "2024-09-21 16:21:07 +0000",
      "black_wool": "2024-09-21 16:21:30 +0000"
    },
    "done": false
  },
  "blazeandcave:redstone/engineer": {
    "criteria": {
      "white_wool": "2024-09-21 16:21:07 +0000",
      "chest": "2024-09-21 16:28:45 +0000",
      "bell": "2024-09-21 17:27:40 +0000"
    },
    "done": false
  },
  "minecraft:recipes/decorations/white_carpet": {
    "criteria": {
      "has_white_wool": "2024-09-21 16:21:07 +0000"
    },
    "done": true
  },
  "blazeandcave:biomes/root": {
    "criteria": {
      "killed_something": "2024-09-21 16:21:07 +0000"
    },
    "done": true
  },
  "minecraft:recipes/food/cooked_mutton": {
    "criteria": {
      "has_mutton": "2024-09-21 16:21:07 +0000"
    },
    "done": true
  },
  "minecraft:recipes/decorations/white_banner": {
    "criteria": {
      "has_white_wool": "2024-09-21 16:21:07 +0000"
    },
    "done": true
  },
  "minecraft:recipes/food/cooked_mutton_from_campfire_cooking": {
    "criteria": {
      "has_mutton": "2024-09-21 16:21:07 +0000"
    },
    "done": true
  },
  "minecraft:adventure/root": {
    "criteria": {
      "killed_something": "2024-09-21 16:21:07 +0000"
    },
    "done": true
  },
  "blazeandcave:bacap/adventure_milestone": {
    "criteria": {
      "i_hereby_dub_thee": "2024-09-21 16:43:59 +0000",
      "root": "2024-09-21 16:21:07 +0000",
      "do_you_want_to_trade": "2024-09-21 16:23:54 +0000",
      "now_youre_thinking_with_portals": "2024-09-21 16:58:19 +0000"
    },
    "done": false
  },
  "minecraft:recipes/decorations/white_bed": {
    "criteria": {
      "has_white_wool": "2024-09-21 16:21:07 +0000"
    },
    "done": true
  },
  "blazeandcave:bacap/animal_milestone": {
    "criteria": {
      "bacon": "2024-09-21 16:24:29 +0000",
      "wooly": "2024-09-21 16:21:07 +0000",
      "tickle_time": "2024-09-21 16:35:19 +0000",
      "root": "2024-09-21 16:24:17 +0000",
      "cow_tipper": "2024-09-21 16:21:37 +0000"
    },
    "done": false
  },
  "minecraft:recipes/decorations/black_carpet": {
    "criteria": {
      "has_black_wool": "2024-09-21 16:21:30 +0000"
    },
    "done": true
  },
  "minecraft:recipes/decorations/black_banner": {
    "criteria": {
      "has_black_wool": "2024-09-21 16:21:30 +0000"
    },
    "done": true
  },
  "minecraft:recipes/decorations/black_bed": {
    "criteria": {
      "has_black_wool": "2024-09-21 16:21:30 +0000"
    },
    "done": true
  },
  "blazeandcave:weaponry/viking": {
    "criteria": {
      "axe": "2024-09-21 16:21:33 +0000"
    },
    "done": true
  },
  "blazeandcave:weaponry/axeman": {
    "criteria": {
      "iron_axe": "2024-09-21 17:27:50 +0000",
      "stone_axe": "2024-09-21 16:21:33 +0000"
    },
    "done": false
  },
  "minecraft:recipes/food/cooked_beef_from_smoking": {
    "criteria": {
      "has_beef": "2024-09-21 16:21:34 +0000"
    },
    "done": true
  },
  "minecraft:recipes/food/cooked_beef": {
    "criteria": {
      "has_beef": "2024-09-21 16:21:34 +0000"
    },
    "done": true
  },
  "minecraft:recipes/food/cooked_beef_from_campfire_cooking": {
    "criteria": {
      "has_beef": "2024-09-21 16:21:34 +0000"
    },
    "done": true
  },
  "minecraft:recipes/combat/leather_helmet": {
    "criteria": {
      "has_leather": "2024-09-21 16:21:37 +0000"
    },
    "done": true
  },
  "minecraft:recipes/combat/leather_leggings": {
    "criteria": {
      "has_leather": "2024-09-21 16:21:37 +0000"
    },
    "done": true
  },
  "blazeandcave:animal/cow_tipper": {
    "criteria": {
      "leather": "2024-09-21 16:21:37 +0000"
    },
    "done": true
  },
  "minecraft:recipes/combat/leather_chestplate": {
    "criteria": {
      "has_leather": "2024-09-21 16:21:37 +0000"
    },
    "done": true
  },
  "minecraft:recipes/misc/leather_horse_armor": {
    "criteria": {
      "has_leather": "2024-09-21 16:21:37 +0000"
    },
    "done": true
  },
  "minecraft:recipes/decorations/item_frame": {
    "criteria": {
      "has_leather": "2024-09-21 16:21:37 +0000"
    },
    "done": true
  },
  "minecraft:recipes/combat/leather_boots": {
    "criteria": {
      "has_leather": "2024-09-21 16:21:37 +0000"
    },
    "done": true
  },
  "blazeandcave:adventure/raidin_master": {
    "criteria": {
      "shipwreck": "2024-09-21 16:34:55 +0000",
      "buried_treasure": "2024-09-21 16:36:47 +0000",
      "mineshaft_mesa": "2024-09-21 16:44:05 +0000",
      "village_desert": "2024-09-21 16:48:19 +0000",
      "village_plains": "2024-09-21 16:23:53 +0000",
      "ruined_portal": "2024-09-21 16:58:17 +0000"
    },
    "done": false
  },
  "blazeandcave:adventure/do_you_want_to_trade": {
    "criteria": {
      "village": "2024-09-21 16:23:53 +0000"
    },
    "done": true
  },
  "blazeandcave:challenges/i_am_loot": {
    "criteria": {
      "village_plains_house": "2024-09-21 16:24:08 +0000",
      "shipwreck_map": "2024-09-21 16:35:10 +0000",
      "buried_treasure": "2024-09-21 16:36:47 +0000",
      "shipwreck_supply": "2024-09-21 16:35:27 +0000",
      "village_cartographer": "2024-09-21 16:54:40 +0000",
      "abandoned_mineshaft": "2024-09-21 16:43:56 +0000",
      "shipwreck_treasure": "2024-09-21 16:35:35 +0000",
      "village_tannery": "2024-09-21 17:26:32 +0000",
      "ruined_portal": "2024-09-21 16:58:17 +0000"
    },
    "done": false
  },
  "blazeandcave:bacap/farming_milestone": {
    "criteria": {
      "hay_there": "2024-09-21 16:27:12 +0000",
      "bake_bread": "2024-09-21 16:24:12 +0000",
      "root": "2024-09-21 16:26:01 +0000",
      "sugar_sugar": "2024-09-21 16:30:49 +0000",
      "its_a_cactus": "2024-09-21 16:45:27 +0000",
      "spikey": "2024-09-21 16:45:42 +0000"
    },
    "done": false
  },
  "blazeandcave:farming/bake_bread": {
    "criteria": {
      "bread": "2024-09-21 16:24:12 +0000"
    },
    "done": true
  },
  "blazeandcave:farming/vegetarian": {
    "criteria": {
      "bread": "2024-09-21 16:24:17 +0000"
    },
    "done": false
  },
  "minecraft:husbandry/root": {
    "criteria": {
      "consumed_item": "2024-09-21 16:24:17 +0000"
    },
    "done": true
  },
  "blazeandcave:biomes/wet_feet": {
    "criteria": {
      "warm_ocean": "2024-09-21 16:42:35 +0000",
      "ocean": "2024-09-21 16:33:58 +0000",
      "lukewarm_ocean": "2024-09-21 16:41:07 +0000",
      "beach": "2024-09-21 16:33:37 +0000",
      "deep_lukewarm_ocean": "2024-09-21 16:42:04 +0000",
      "river": "2024-09-21 16:24:17 +0000"
    },
    "done": false
  },
  "minecraft:husbandry/balanced_diet": {
    "criteria": {
      "bread": "2024-09-21 16:24:17 +0000"
    },
    "done": false
  },
  "minecraft:recipes/food/cooked_porkchop_from_campfire_cooking": {
    "criteria": {
      "has_porkchop": "2024-09-21 16:24:29 +0000"
    },
    "done": true
  },
  "minecraft:recipes/food/cooked_porkchop": {
    "criteria": {
      "has_porkchop": "2024-09-21 16:24:29 +0000"
    },
    "done": true
  },
  "minecraft:recipes/food/cooked_porkchop_from_smoking": {
    "criteria": {
      "has_porkchop": "2024-09-21 16:24:29 +0000"
    },
    "done": true
  },
  "blazeandcave:animal/bacon": {
    "criteria": {
      "pig": "2024-09-21 16:24:29 +0000"
    },
    "done": true
  },
  "blazeandcave:building/ladder_climbers_inc": {
    "criteria": {
      "enter_ladder": "2024-09-21 16:24:46 +0000"
    },
    "done": true
  },
  "blazeandcave:building/rainbow_dreams": {
    "criteria": {
      "cyan_bed": "2024-09-21 16:48:22 +0000",
      "white_bed": "2024-09-21 16:24:47 +0000"
    },
    "done": false
  },
  "blazeandcave:challenges/stack_all_the_blocks": {
    "criteria": {
      "cyan_bed": "2024-09-21 16:48:22 +0000",
      "hay_block": "2024-09-21 16:27:12 +0000",
      "white_bed": "2024-09-21 16:24:47 +0000"
    },
    "done": false
  },
  "minecraft:recipes/combat/iron_leggings": {
    "criteria": {
      "has_iron_ingot": "2024-09-21 16:25:18 +0000"
    },
    "done": true
  },
  "minecraft:recipes/combat/iron_chestplate": {
    "criteria": {
      "has_iron_ingot": "2024-09-21 16:25:18 +0000"
    },
    "done": true
  },
  "minecraft:recipes/misc/iron_nugget": {
    "criteria": {
      "has_iron_ingot": "2024-09-21 16:25:18 +0000"
    },
    "done": true
  },
  "minecraft:recipes/misc/bucket": {
    "criteria": {
      "has_iron_ingot": "2024-09-21 16:25:18 +0000"
    },
    "done": true
  },
  "minecraft:recipes/combat/iron_helmet": {
    "criteria": {
      "has_iron_ingot": "2024-09-21 16:25:18 +0000"
    },
    "done": true
  },
  "minecraft:recipes/transportation/minecart": {
    "criteria": {
      "has_iron_ingot": "2024-09-21 16:25:18 +0000"
    },
    "done": true
  },
  "minecraft:recipes/tools/iron_hoe": {
    "criteria": {
      "has_iron_ingot": "2024-09-21 16:25:18 +0000"
    },
    "done": true
  },
  "minecraft:story/smelt_iron": {
    "criteria": {
      "iron": "2024-09-21 16:25:18 +0000"
    },
    "done": true
  },
  "minecraft:recipes/tools/shears": {
    "criteria": {
      "has_iron_ingot": "2024-09-21 16:25:18 +0000"
    },
    "done": true
  },
  "minecraft:recipes/decorations/chain": {
    "criteria": {
      "has_iron_ingot": "2024-09-21 16:25:18 +0000"
    },
    "done": true
  },
  "minecraft:recipes/building_blocks/iron_block": {
    "criteria": {
      "has_iron_ingot": "2024-09-21 16:25:18 +0000"
    },
    "done": true
  },
  "minecraft:recipes/decorations/smithing_table": {
    "criteria": {
      "has_iron_ingot": "2024-09-21 16:25:18 +0000"
    },
    "done": true
  },
  "minecraft:recipes/combat/iron_sword": {
    "criteria": {
      "has_iron_ingot": "2024-09-21 16:25:18 +0000"
    },
    "done": true
  },
  "minecraft:recipes/tools/iron_pickaxe": {
    "criteria": {
      "has_iron_ingot": "2024-09-21 16:25:18 +0000"
    },
    "done": true
  },
  "minecraft:recipes/combat/shield": {
    "criteria": {
      "has_iron_ingot": "2024-09-21 16:25:18 +0000"
    },
    "done": true
  },
  "minecraft:recipes/redstone/hopper": {
    "criteria": {
      "has_iron_ingot": "2024-09-21 16:25:18 +0000"
    },
    "done": true
  },
  "minecraft:recipes/decorations/iron_bars": {
    "criteria": {
      "has_iron_ingot": "2024-09-21 16:25:18 +0000"
    },
    "done": true
  },
  "minecraft:recipes/combat/iron_boots": {
    "criteria": {
      "has_iron_ingot": "2024-09-21 16:25:18 +0000"
    },
    "done": true
  },
  "minecraft:recipes/decorations/lantern": {
    "criteria": {
      "has_iron_ingot": "2024-09-21 16:25:18 +0000"
    },
    "done": true
  },
  "minecraft:recipes/tools/iron_shovel": {
    "criteria": {
      "has_iron_ingot": "2024-09-21 16:25:18 +0000"
    },
    "done": true
  },
  "minecraft:recipes/redstone/iron_trapdoor": {
    "criteria": {
      "has_iron_ingot": "2024-09-21 16:25:18 +0000"
    },
    "done": true
  },
  "minecraft:recipes/tools/iron_axe": {
    "criteria": {
      "has_iron_ingot": "2024-09-21 16:25:18 +0000"
    },
    "done": true
  },
  "minecraft:recipes/combat/crossbow": {
    "criteria": {
      "has_iron_ingot": "2024-09-21 16:25:18 +0000"
    },
    "done": true
  },
  "minecraft:recipes/redstone/iron_door": {
    "criteria": {
      "has_iron_ingot": "2024-09-21 16:25:18 +0000"
    },
    "done": true
  },
  "minecraft:recipes/redstone/heavy_weighted_pressure_plate": {
    "criteria": {
      "has_iron_ingot": "2024-09-21 16:25:18 +0000"
    },
    "done": true
  },
  "minecraft:recipes/building_blocks/bookshelf": {
    "criteria": {
      "has_book": "2024-09-21 16:25:27 +0000"
    },
    "done": true
  },
  "minecraft:recipes/redstone/lectern": {
    "criteria": {
      "has_book": "2024-09-21 16:25:27 +0000"
    },
    "done": true
  },
  "minecraft:recipes/building_blocks/chiseled_bookshelf": {
    "criteria": {
      "has_book": "2024-09-21 16:25:27 +0000"
    },
    "done": true
  },
  "minecraft:recipes/misc/writable_book": {
    "criteria": {
      "has_book": "2024-09-21 16:25:27 +0000"
    },
    "done": true
  },
  "minecraft:recipes/food/baked_potato_from_campfire_cooking": {
    "criteria": {
      "has_potato": "2024-09-21 16:25:47 +0000"
    },
    "done": true
  },
  "minecraft:recipes/food/baked_potato": {
    "criteria": {
      "has_potato": "2024-09-21 16:25:47 +0000"
    },
    "done": true
  },
  "minecraft:recipes/food/baked_potato_from_smoking": {
    "criteria": {
      "has_potato": "2024-09-21 16:25:47 +0000"
    },
    "done": true
  },
  "minecraft:recipes/building_blocks/emerald_block": {
    "criteria": {
      "has_emerald": "2024-09-21 16:25:51 +0000"
    },
    "done": true
  },
  "blazeandcave:bacap/time_to_farm": {
    "criteria": {
      "stone_hoe": "2024-09-21 16:26:01 +0000"
    },
    "done": true
  },
  "blazeandcave:farming/root": {
    "criteria": {
      "hoe": "2024-09-21 16:26:01 +0000"
    },
    "done": true
  },
  "minecraft:recipes/misc/red_dye_from_poppy": {
    "criteria": {
      "has_poppy": "2024-09-21 16:26:04 +0000"
    },
    "done": true
  },
  "minecraft:recipes/misc/yellow_dye_from_dandelion": {
    "criteria": {
      "has_dandelion": "2024-09-21 16:26:04 +0000"
    },
    "done": true
  },
  "minecraft:recipes/redstone/target": {
    "criteria": {
      "has_hay_block": "2024-09-21 16:26:04 +0000"
    },
    "done": true
  },
  "minecraft:recipes/misc/wheat": {
    "criteria": {
      "has_hay_block": "2024-09-21 16:26:04 +0000"
    },
    "done": true
  },
  "blazeandcave:biomes/flower_power": {
    "criteria": {
      "poppy": "2024-09-21 16:26:04 +0000",
      "dandelion": "2024-09-21 16:26:04 +0000"
    },
    "done": false
  },
  "blazeandcave:biomes/for_you_my_sweet": {
    "criteria": {
      "dandelion": "2024-09-21 16:26:04 +0000"
    },
    "done": true
  },
  "blazeandcave:farming/hay_there": {
    "criteria": {
      "hay_block": "2024-09-21 16:27:12 +0000"
    },
    "done": true
  },
  "minecraft:adventure/sleep_in_bed": {
    "criteria": {
      "slept_in_bed": "2024-09-21 16:27:48 +0000"
    },
    "done": true
  },
  "blazeandcave:statistics/the_first_night": {
    "criteria": {
      "trigger": "2024-09-21 16:28:03 +0000"
    },
    "done": true
  },
  "blazeandcave:bacap/statistics_milestone": {
    "criteria": {
      "sneaky_snitch": "2024-09-21 16:49:10 +0000",
      "loot_em": "2024-09-21 16:54:40 +0000",
      "luxury_cruise": "2024-09-21 16:41:08 +0000",
      "root": "2024-09-21 16:28:05 +0000",
      "spring_in_your_step": "2024-09-21 16:51:16 +0000",
      "the_first_night": "2024-09-21 16:28:04 +0000"
    },
    "done": false
  },
  "blazeandcave:statistics/root": {
    "criteria": {
      "the_first_night": "2024-09-21 16:28:04 +0000"
    },
    "done": true
  },
  "blazeandcave:technical/stat_branch2_mid": {
    "criteria": {
      "root": "2024-09-21 16:28:05 +0000"
    },
    "done": true
  },
  "blazeandcave:technical/stat_branch4_mid": {
    "criteria": {
      "root": "2024-09-21 16:28:05 +0000"
    },
    "done": true
  },
  "blazeandcave:technical/stat_branch6_mid": {
    "criteria": {
      "root": "2024-09-21 16:28:05 +0000"
    },
    "done": true
  },
  "blazeandcave:technical/stat_branch8_mid": {
    "criteria": {
      "root": "2024-09-21 16:28:05 +0000"
    },
    "done": true
  },
  "blazeandcave:technical/stat_branch1_mid": {
    "criteria": {
      "root": "2024-09-21 16:28:05 +0000"
    },
    "done": true
  },
  "blazeandcave:technical/stat_branch3_mid": {
    "criteria": {
      "root": "2024-09-21 16:28:05 +0000"
    },
    "done": true
  },
  "blazeandcave:technical/stat_branch5_mid": {
    "criteria": {
      "root": "2024-09-21 16:28:05 +0000"
    },
    "done": true
  },
  "blazeandcave:technical/stat_branch7_mid": {
    "criteria": {
      "root": "2024-09-21 16:28:05 +0000"
    },
    "done": true
  },
  "blazeandcave:technical/stat_branch9_mid": {
    "criteria": {
      "root": "2024-09-21 16:28:05 +0000"
    },
    "done": true
  },
  "blazeandcave:building/stairs_no": {
    "criteria": {
      "stairs": "2024-09-21 16:28:20 +0000"
    },
    "done": true
  },
  "blazeandcave:building/ah_my_old_enemy": {
    "criteria": {
      "oak_stairs": "2024-09-21 16:28:20 +0000"
    },
    "done": false
  },
  "blazeandcave:building/stationary_storage": {
    "criteria": {
      "chest": "2024-09-21 16:28:47 +0000"
    },
    "done": true
  },
  "minecraft:recipes/food/bread": {
    "criteria": {
      "has_wheat": "2024-09-21 16:29:13 +0000"
    },
    "done": true
  },
  "minecraft:recipes/building_blocks/hay_block": {
    "criteria": {
      "has_wheat": "2024-09-21 16:29:13 +0000"
    },
    "done": true
  },
  "blazeandcave:farming/a_gluttonous_diet": {
    "criteria": {
      "bread": "2024-09-21 16:29:15 +0000"
    },
    "done": false
  },
  "blazeandcave:weaponry/sir_knight": {
    "criteria": {
      "shield": "2024-09-21 16:29:26 +0000"
    },
    "done": true
  },
  "minecraft:recipes/misc/iron_nugget_from_smelting": {
    "criteria": {
      "has_iron_pickaxe": "2024-09-21 16:29:33 +0000"
    },
    "done": true
  },
  "minecraft:story/iron_tools": {
    "criteria": {
      "iron_pickaxe": "2024-09-21 16:29:33 +0000"
    },
    "done": true
  },
  "minecraft:recipes/misc/iron_nugget_from_blasting": {
    "criteria": {
      "has_iron_pickaxe": "2024-09-21 16:29:33 +0000"
    },
    "done": true
  },
  "minecraft:recipes/misc/paper": {
    "criteria": {
      "has_reeds": "2024-09-21 16:30:49 +0000"
    },
    "done": true
  },
  "blazeandcave:farming/sugar_sugar": {
    "criteria": {
      "sugar_cane": "2024-09-21 16:30:49 +0000"
    },
    "done": true
  },
  "minecraft:recipes/misc/sugar_from_sugar_cane": {
    "criteria": {
      "has_sugar_cane": "2024-09-21 16:30:49 +0000"
    },
    "done": true
  },
  "minecraft:recipes/transportation/cherry_boat": {
    "criteria": {
      "in_water": "2024-09-21 16:31:36 +0000"
    },
    "done": true
  },
  "minecraft:recipes/transportation/bamboo_raft": {
    "criteria": {
      "in_water": "2024-09-21 16:31:36 +0000"
    },
    "done": true
  },
  "minecraft:recipes/transportation/spruce_boat": {
    "criteria": {
      "in_water": "2024-09-21 16:31:36 +0000"
    },
    "done": true
  },
  "minecraft:recipes/transportation/birch_boat": {
    "criteria": {
      "in_water": "2024-09-21 16:31:36 +0000"
    },
    "done": true
  },
  "minecraft:recipes/transportation/oak_boat": {
    "criteria": {
      "in_water": "2024-09-21 16:31:36 +0000"
    },
    "done": true
  },
  "minecraft:recipes/transportation/mangrove_boat": {
    "criteria": {
      "in_water": "2024-09-21 16:31:36 +0000"
    },
    "done": true
  },
  "blazeandcave:biomes/just_keep_swimming": {
    "criteria": {
      "enter_water": "2024-09-21 16:31:36 +0000"
    },
    "done": true
  },
  "blazeandcave:technical/fail_dragon_vs": {
    "criteria": {
      "enter_water": "2024-09-21 16:31:36 +0000"
    },
    "done": true
  },
  "minecraft:recipes/transportation/acacia_boat": {
    "criteria": {
      "in_water": "2024-09-21 16:31:36 +0000"
    },
    "done": true
  },
  "minecraft:recipes/transportation/jungle_boat": {
    "criteria": {
      "in_water": "2024-09-21 16:31:36 +0000"
    },
    "done": true
  },
  "minecraft:recipes/transportation/dark_oak_boat": {
    "criteria": {
      "in_water": "2024-09-21 16:31:36 +0000"
    },
    "done": true
  },
  "minecraft:recipes/building_blocks/raw_iron_block": {
    "criteria": {
      "has_raw_iron": "2024-09-21 16:32:34 +0000"
    },
    "done": true
  },
  "blazeandcave:building/blast_it": {
    "criteria": {
      "blast_furnace": "2024-09-21 16:32:34 +0000"
    },
    "done": true
  },
  "minecraft:recipes/misc/iron_ingot_from_smelting_raw_iron": {
    "criteria": {
      "has_raw_iron": "2024-09-21 16:32:34 +0000"
    },
    "done": true
  },
  "minecraft:recipes/misc/iron_ingot_from_blasting_raw_iron": {
    "criteria": {
      "has_raw_iron": "2024-09-21 16:32:34 +0000"
    },
    "done": true
  },
  "minecraft:recipes/transportation/spruce_chest_boat": {
    "criteria": {
      "has_boat": "2024-09-21 16:33:47 +0000"
    },
    "done": true
  },
  "minecraft:recipes/transportation/jungle_chest_boat": {
    "criteria": {
      "has_boat": "2024-09-21 16:33:47 +0000"
    },
    "done": true
  },
  "minecraft:recipes/transportation/acacia_chest_boat": {
    "criteria": {
      "has_boat": "2024-09-21 16:33:47 +0000"
    },
    "done": true
  },
  "minecraft:recipes/transportation/mangrove_chest_boat": {
    "criteria": {
      "has_boat": "2024-09-21 16:33:47 +0000"
    },
    "done": true
  },
  "minecraft:recipes/transportation/oak_chest_boat": {
    "criteria": {
      "has_boat": "2024-09-21 16:33:47 +0000"
    },
    "done": true
  },
  "minecraft:recipes/transportation/cherry_chest_boat": {
    "criteria": {
      "has_boat": "2024-09-21 16:33:47 +0000"
    },
    "done": true
  },
  "minecraft:recipes/transportation/birch_chest_boat": {
    "criteria": {
      "has_boat": "2024-09-21 16:33:47 +0000"
    },
    "done": true
  },
  "minecraft:recipes/transportation/dark_oak_chest_boat": {
    "criteria": {
      "has_boat": "2024-09-21 16:33:47 +0000"
    },
    "done": true
  },
  "minecraft:recipes/transportation/bamboo_chest_raft": {
    "criteria": {
      "has_boat": "2024-09-21 16:33:47 +0000"
    },
    "done": true
  },
  "blazeandcave:biomes/boaty_mcboatface": {
    "criteria": {
      "boat": "2024-09-21 16:33:51 +0000"
    },
    "done": true
  },
  "blazeandcave:biomes/the_sea_calls_you": {
    "criteria": {
      "ocean": "2024-09-21 16:33:58 +0000"
    },
    "done": true
  },
  "minecraft:recipes/misc/conduit": {
    "criteria": {
      "has_nautilus_shell": "2024-09-21 16:34:55 +0000"
    },
    "done": true
  },
  "blazeandcave:biomes/ahoy": {
    "criteria": {
      "shipwreck": "2024-09-21 16:34:55 +0000"
    },
    "done": true
  },
  "blazeandcave:mining/heart_of_darkness": {
    "criteria": {
      "enter_cave": "2024-09-21 16:35:07 +0000"
    },
    "done": true
  },
  "minecraft:recipes/misc/book": {
    "criteria": {
      "has_paper": "2024-09-21 16:35:16 +0000"
    },
    "done": true
  },
  "minecraft:recipes/decorations/cartography_table": {
    "criteria": {
      "has_paper": "2024-09-21 16:35:16 +0000"
    },
    "done": true
  },
  "blazeandcave:animal/tickle_time": {
    "criteria": {
      "feather": "2024-09-21 16:35:19 +0000"
    },
    "done": true
  },
  "minecraft:recipes/combat/arrow": {
    "criteria": {
      "has_feather": "2024-09-21 16:35:19 +0000"
    },
    "done": true
  },
  "minecraft:recipes/misc/blue_dye": {
    "criteria": {
      "has_lapis_lazuli": "2024-09-21 16:35:37 +0000"
    },
    "done": true
  },
  "minecraft:recipes/building_blocks/lapis_block": {
    "criteria": {
      "has_lapis_lazuli": "2024-09-21 16:35:37 +0000"
    },
    "done": true
  },
  "blazeandcave:mining/diam_oh_wait_no": {
    "criteria": {
      "coal": "2024-09-21 16:35:37 +0000"
    },
    "done": true
  },
  "blazeandcave:mining/not_chicken_mcnuggets": {
    "criteria": {
      "iron_nugget": "2024-09-21 16:35:39 +0000"
    },
    "done": true
  },
  "minecraft:recipes/misc/iron_ingot_from_nuggets": {
    "criteria": {
      "has_iron_nugget": "2024-09-21 16:35:39 +0000"
    },
    "done": true
  },
  "blazeandcave:biomes/boatception": {
    "criteria": {
      "boatception": "2024-09-21 16:35:51 +0000"
    },
    "done": true
  },
  "minecraft:recipes/brewing/cauldron": {
    "criteria": {
      "has_water_bucket": "2024-09-21 16:35:51 +0000"
    },
    "done": true
  },
  "minecraft:recipes/building_blocks/coarse_dirt": {
    "criteria": {
      "has_gravel": "2024-09-21 16:36:47 +0000"
    },
    "done": true
  },
  "minecraft:recipes/building_blocks/light_gray_concrete_powder": {
    "criteria": {
      "has_gravel": "2024-09-21 16:36:47 +0000"
    },
    "done": true
  },
  "minecraft:recipes/building_blocks/pink_concrete_powder": {
    "criteria": {
      "has_gravel": "2024-09-21 16:36:47 +0000"
    },
    "done": true
  },
  "minecraft:recipes/building_blocks/red_concrete_powder": {
    "criteria": {
      "has_gravel": "2024-09-21 16:36:47 +0000"
    },
    "done": true
  },
  "minecraft:recipes/building_blocks/brown_concrete_powder": {
    "criteria": {
      "has_gravel": "2024-09-21 16:36:47 +0000"
    },
    "done": true
  },
  "minecraft:recipes/building_blocks/light_blue_concrete_powder": {
    "criteria": {
      "has_gravel": "2024-09-21 16:36:47 +0000"
    },
    "done": true
  },
  "minecraft:recipes/building_blocks/green_concrete_powder": {
    "criteria": {
      "has_gravel": "2024-09-21 16:36:47 +0000"
    },
    "done": true
  },
  "minecraft:recipes/building_blocks/blue_concrete_powder": {
    "criteria": {
      "has_gravel": "2024-09-21 16:36:47 +0000"
    },
    "done": true
  },
  "minecraft:recipes/building_blocks/white_concrete_powder": {
    "criteria": {
      "has_gravel": "2024-09-21 16:36:47 +0000"
    },
    "done": true
  },
  "minecraft:recipes/building_blocks/lime_concrete_powder": {
    "criteria": {
      "has_gravel": "2024-09-21 16:36:47 +0000"
    },
    "done": true
  },
  "minecraft:recipes/building_blocks/orange_concrete_powder": {
    "criteria": {
      "has_gravel": "2024-09-21 16:36:47 +0000"
    },
    "done": true
  },
  "minecraft:recipes/building_blocks/magenta_concrete_powder": {
    "criteria": {
      "has_gravel": "2024-09-21 16:36:47 +0000"
    },
    "done": true
  },
  "minecraft:recipes/building_blocks/yellow_concrete_powder": {
    "criteria": {
      "has_gravel": "2024-09-21 16:36:47 +0000"
    },
    "done": true
  },
  "blazeandcave:biomes/x_marks_the_spot": {
    "criteria": {
      "heart_of_the_sea": "2024-09-21 16:36:47 +0000"
    },
    "done": true
  },
  "minecraft:recipes/building_blocks/gray_concrete_powder": {
    "criteria": {
      "has_gravel": "2024-09-21 16:36:47 +0000"
    },
    "done": true
  },
  "minecraft:recipes/building_blocks/black_concrete_powder": {
    "criteria": {
      "has_gravel": "2024-09-21 16:36:47 +0000"
    },
    "done": true
  },
  "minecraft:recipes/building_blocks/purple_concrete_powder": {
    "criteria": {
      "has_gravel": "2024-09-21 16:36:47 +0000"
    },
    "done": true
  },
  "minecraft:recipes/building_blocks/cyan_concrete_powder": {
    "criteria": {
      "has_gravel": "2024-09-21 16:36:47 +0000"
    },
    "done": true
  },
  "minecraft:recipes/combat/diamond_leggings": {
    "criteria": {
      "has_diamond": "2024-09-21 16:36:48 +0000"
    },
    "done": true
  },
  "minecraft:recipes/combat/diamond_sword": {
    "criteria": {
      "has_diamond": "2024-09-21 16:36:48 +0000"
    },
    "done": true
  },
  "minecraft:recipes/decorations/jukebox": {
    "criteria": {
      "has_diamond": "2024-09-21 16:36:48 +0000"
    },
    "done": true
  },
  "minecraft:recipes/combat/diamond_chestplate": {
    "criteria": {
      "has_diamond": "2024-09-21 16:36:48 +0000"
    },
    "done": true
  },
  "minecraft:recipes/tools/diamond_pickaxe": {
    "criteria": {
      "has_diamond": "2024-09-21 16:36:48 +0000"
    },
    "done": true
  },
  "minecraft:recipes/tools/diamond_hoe": {
    "criteria": {
      "has_diamond": "2024-09-21 16:36:48 +0000"
    },
    "done": true
  },
  "minecraft:recipes/tools/diamond_shovel": {
    "criteria": {
      "has_diamond": "2024-09-21 16:36:48 +0000"
    },
    "done": true
  },
  "minecraft:recipes/combat/diamond_boots": {
    "criteria": {
      "has_diamond": "2024-09-21 16:36:48 +0000"
    },
    "done": true
  },
  "minecraft:recipes/combat/diamond_helmet": {
    "criteria": {
      "has_diamond": "2024-09-21 16:36:48 +0000"
    },
    "done": true
  },
  "minecraft:recipes/building_blocks/diamond_block": {
    "criteria": {
      "has_diamond": "2024-09-21 16:36:48 +0000"
    },
    "done": true
  },
  "minecraft:story/mine_diamond": {
    "criteria": {
      "diamond": "2024-09-21 16:36:48 +0000"
    },
    "done": true
  },
  "minecraft:recipes/tools/diamond_axe": {
    "criteria": {
      "has_diamond": "2024-09-21 16:36:48 +0000"
    },
    "done": true
  },
  "minecraft:recipes/tools/golden_axe": {
    "criteria": {
      "has_gold_ingot": "2024-09-21 16:36:52 +0000"
    },
    "done": true
  },
  "minecraft:recipes/tools/golden_pickaxe": {
    "criteria": {
      "has_gold_ingot": "2024-09-21 16:36:52 +0000"
    },
    "done": true
  },
  "minecraft:recipes/misc/gold_nugget": {
    "criteria": {
      "has_gold_ingot": "2024-09-21 16:36:52 +0000"
    },
    "done": true
  },
  "minecraft:recipes/tools/golden_shovel": {
    "criteria": {
      "has_gold_ingot": "2024-09-21 16:36:52 +0000"
    },
    "done": true
  },
  "minecraft:recipes/food/golden_apple": {
    "criteria": {
      "has_gold_ingot": "2024-09-21 16:36:52 +0000"
    },
    "done": true
  },
  "minecraft:recipes/combat/golden_boots": {
    "criteria": {
      "has_gold_ingot": "2024-09-21 16:36:52 +0000"
    },
    "done": true
  },
  "blazeandcave:mining/gold_rush": {
    "criteria": {
      "gold_ingot": "2024-09-21 16:36:52 +0000"
    },
    "done": true
  },
  "minecraft:recipes/combat/golden_helmet": {
    "criteria": {
      "has_gold_ingot": "2024-09-21 16:36:52 +0000"
    },
    "done": true
  },
  "minecraft:recipes/combat/golden_chestplate": {
    "criteria": {
      "has_gold_ingot": "2024-09-21 16:36:52 +0000"
    },
    "done": true
  },
  "minecraft:recipes/redstone/light_weighted_pressure_plate": {
    "criteria": {
      "has_gold_ingot": "2024-09-21 16:36:52 +0000"
    },
    "done": true
  },
  "minecraft:recipes/combat/golden_sword": {
    "criteria": {
      "has_gold_ingot": "2024-09-21 16:36:52 +0000"
    },
    "done": true
  },
  "minecraft:recipes/building_blocks/gold_block": {
    "criteria": {
      "has_gold_ingot": "2024-09-21 16:36:52 +0000"
    },
    "done": true
  },
  "minecraft:recipes/tools/golden_hoe": {
    "criteria": {
      "has_gold_ingot": "2024-09-21 16:36:52 +0000"
    },
    "done": true
  },
  "minecraft:recipes/combat/golden_leggings": {
    "criteria": {
      "has_gold_ingot": "2024-09-21 16:36:52 +0000"
    },
    "done": true
  },
  "blazeandcave:biomes/high_feet": {
    "criteria": {
      "stony_shore": "2024-09-21 16:40:56 +0000"
    },
    "done": false
  },
  "blazeandcave:biomes/kilometre_walk": {
    "criteria": {
      "outer_neg_x": "2024-09-21 16:40:56 +0000"
    },
    "done": true
  },
  "blazeandcave:statistics/luxury_cruise": {
    "criteria": {
      "trigger": "2024-09-21 16:41:07 +0000"
    },
    "done": true
  },
  "blazeandcave:biomes/the_great_blocky_reef": {
    "criteria": {
      "warm_ocean": "2024-09-21 16:42:35 +0000"
    },
    "done": true
  },
  "blazeandcave:biomes/warm_feet": {
    "criteria": {
      "badlands": "2024-09-21 16:51:39 +0000",
      "savanna": "2024-09-21 16:50:38 +0000",
      "desert": "2024-09-21 16:42:57 +0000",
      "eroded_badlands": "2024-09-21 16:43:54 +0000"
    },
    "done": false
  },
  "blazeandcave:mining/steals_on_wheels": {
    "criteria": {
      "heart_of_the_sea": "2024-09-21 16:43:56 +0000"
    },
    "done": true
  },
  "blazeandcave:adventure/i_hereby_dub_thee": {
    "criteria": {
      "name_tag": "2024-09-21 16:43:59 +0000"
    },
    "done": true
  },
  "minecraft:recipes/misc/gold_ingot_from_blasting_raw_gold": {
    "criteria": {
      "has_raw_gold": "2024-09-21 16:44:05 +0000"
    },
    "done": true
  },
  "minecraft:recipes/misc/gold_ingot_from_smelting_raw_gold": {
    "criteria": {
      "has_raw_gold": "2024-09-21 16:44:05 +0000"
    },
    "done": true
  },
  "minecraft:recipes/building_blocks/raw_gold_block": {
    "criteria": {
      "has_raw_gold": "2024-09-21 16:44:05 +0000"
    },
    "done": true
  },
  "blazeandcave:mining/gold_mine": {
    "criteria": {
      "mineshaft_mesa": "2024-09-21 16:44:05 +0000"
    },
    "done": true
  },
  "blazeandcave:weaponry/master_shieldsman": {
    "criteria": {
      "skeleton": "2024-09-21 16:44:29 +0000",
      "husk": "2024-09-21 16:45:38 +0000"
    },
    "done": false
  },
  "minecraft:story/deflect_arrow": {
    "criteria": {
      "deflected_skeleton": "2024-09-21 16:44:29 +0000"
    },
    "done": true
  },
  "blazeandcave:weaponry/shield_luck": {
    "criteria": {
      "deflected_trident": "2024-09-21 16:44:29 +0000"
    },
    "done": true
  },
  "minecraft:adventure/kill_all_mobs": {
    "criteria": {
      "minecraft:skeleton": "2024-09-21 16:44:38 +0000",
      "minecraft:husk": "2024-09-21 16:45:42 +0000"
    },
    "done": false
  },
  "minecraft:recipes/misc/bone_meal": {
    "criteria": {
      "has_bone": "2024-09-21 16:44:38 +0000"
    },
    "done": true
  },
  "blazeandcave:monsters/spooky_skeleton": {
    "criteria": {
      "skeleton": "2024-09-21 16:44:38 +0000"
    },
    "done": true
  },
  "blazeandcave:monsters/night_runner": {
    "criteria": {
      "skeleton": "2024-09-21 16:44:38 +0000",
      "husk": "2024-09-21 16:45:42 +0000"
    },
    "done": false
  },
  "minecraft:adventure/kill_a_mob": {
    "criteria": {
      "monster_hunter": "2024-09-21 16:44:38 +0000"
    },
    "done": true
  },
  "minecraft:recipes/misc/green_dye": {
    "criteria": {
      "has_cactus": "2024-09-21 16:45:27 +0000"
    },
    "done": true
  },
  "blazeandcave:farming/its_a_cactus": {
    "criteria": {
      "cactus": "2024-09-21 16:45:27 +0000"
    },
    "done": true
  },
  "blazeandcave:farming/spikey": {
    "criteria": {
      "cactus": "2024-09-21 16:45:41 +0000"
    },
    "done": true
  },
  "blazeandcave:monsters/desert_nomad": {
    "criteria": {
      "husk": "2024-09-21 16:45:42 +0000"
    },
    "done": true
  },
  "blazeandcave:potion/a_much_more_doable_challenge": {
    "criteria": {
      "hunger": "2024-09-21 16:45:42 +0000"
    },
    "done": false
  },
  "blazeandcave:challenges/death_from_all": {
    "criteria": {
      "husk": "2024-09-21 16:45:42 +0000"
    },
    "done": false
  },
  "minecraft:recipes/building_blocks/glass": {
    "criteria": {
      "has_smelts_to_glass": "2024-09-21 16:46:57 +0000"
    },
    "done": true
  },
  "blazeandcave:building/i_dont_like_sand": {
    "criteria": {
      "sand": "2024-09-21 16:46:57 +0000"
    },
    "done": true
  },
  "minecraft:recipes/building_blocks/sandstone": {
    "criteria": {
      "has_sand": "2024-09-21 16:46:57 +0000"
    },
    "done": true
  },
  "blazeandcave:building/change_of_sheets": {
    "criteria": {
      "cyan_bed": "2024-09-21 16:48:22 +0000"
    },
    "done": true
  },
  "blazeandcave:statistics/sneaky_snitch": {
    "criteria": {
      "trigger": "2024-09-21 16:49:09 +0000"
    },
    "done": true
  },
  "blazeandcave:statistics/spring_in_your_step": {
    "criteria": {
      "trigger": "2024-09-21 16:51:15 +0000"
    },
    "done": true
  },
  "blazeandcave:biomes/the_mighty_jungle": {
    "criteria": {
      "jungle": "2024-09-21 16:53:53 +0000"
    },
    "done": true
  },
  "blazeandcave:biomes/overgrown": {
    "criteria": {
      "sparse_jungle": "2024-09-21 16:53:53 +0000"
    },
    "done": false
  },
  "blazeandcave:biomes/tarzan": {
    "criteria": {
      "enter_vine": "2024-09-21 16:54:06 +0000"
    },
    "done": true
  },
  "blazeandcave:statistics/loot_em": {
    "criteria": {
      "trigger": "2024-09-21 16:54:40 +0000"
    },
    "done": true
  },
  "blazeandcave:mining/moar_broken_tools": {
    "criteria": {
      "gold_hoe": "2024-09-21 17:27:08 +0000",
      "stone_axe": "2024-09-21 16:56:43 +0000"
    },
    "done": false
  },
  "blazeandcave:mining/aww_it_broke": {
    "criteria": {
      "break_tool": "2024-09-21 16:56:43 +0000"
    },
    "done": true
  },
  "blazeandcave:adventure/now_youre_thinking_with_portals": {
    "criteria": {
      "ruined_portal": "2024-09-21 16:58:17 +0000"
    },
    "done": true
  },
  "minecraft:recipes/tools/flint_and_steel": {
    "criteria": {
      "has_obsidian": "2024-09-21 16:58:19 +0000"
    },
    "done": true
  },
  "minecraft:story/form_obsidian": {
    "criteria": {
      "obsidian": "2024-09-21 16:58:19 +0000"
    },
    "done": true
  },
  "minecraft:recipes/decorations/enchanting_table": {
    "criteria": {
      "has_obsidian": "2024-09-21 16:58:19 +0000"
    },
    "done": true
  },
  "blazeandcave:enchanting/master_enchanter": {
    "criteria": {
      "mending": "2024-09-21 17:25:45 +0000",
      "vanishing_curse": "2024-09-21 16:58:22 +0000"
    },
    "done": false
  },
  "minecraft:recipes/misc/gold_nugget_from_smelting": {
    "criteria": {
      "has_golden_helmet": "2024-09-21 16:58:22 +0000"
    },
    "done": true
  },
  "minecraft:recipes/misc/gold_nugget_from_blasting": {
    "criteria": {
      "has_golden_helmet": "2024-09-21 16:58:22 +0000"
    },
    "done": true
  },
  "blazeandcave:enchanting/complete_enchanter": {
    "criteria": {
      "mending": "2024-09-21 17:25:45 +0000",
      "vanishing_curse": "2024-09-21 16:58:22 +0000"
    },
    "done": false
  },
  "blazeandcave:challenges/ultimate_enchanter": {
    "criteria": {
      "mending": "2024-09-21 17:25:45 +0000",
      "vanishing_curse": "2024-09-21 16:58:22 +0000"
    },
    "done": false
  },
  "blazeandcave:enchanting/curses": {
    "criteria": {
      "vanishing_curse": "2024-09-21 16:58:22 +0000"
    },
    "done": false
  },
  "blazeandcave:mining/living_like_kings": {
    "criteria": {
      "golden_helmet": "2024-09-21 16:58:23 +0000"
    },
    "done": true
  },
  "minecraft:recipes/misc/gold_ingot_from_gold_block": {
    "criteria": {
      "has_gold_block": "2024-09-21 16:58:32 +0000"
    },
    "done": true
  },
  "blazeandcave:mining/mineral_collection": {
    "criteria": {
      "gold_block": "2024-09-21 16:58:32 +0000"
    },
    "done": false
  },
  "blazeandcave:bacap/enchanting_milestone": {
    "criteria": {
      "unbreakable": "2024-09-21 17:25:46 +0000"
    },
    "done": false
  },
  "minecraft:recipes/misc/gold_ingot_from_nuggets": {
    "criteria": {
      "has_gold_nugget": "2024-09-21 17:25:19 +0000"
    },
    "done": true
  },
  "minecraft:recipes/brewing/golden_carrot": {
    "criteria": {
      "has_gold_nugget": "2024-09-21 17:25:19 +0000"
    },
    "done": true
  },
  "blazeandcave:enchanting/unbreakable": {
    "criteria": {
      "mending": "2024-09-21 17:25:45 +0000"
    },
    "done": true
  },
  "DataVersion": 3955
}