{
  "minecraft:recipes/redstone/lever": {
    "criteria": {
      "has_cobblestone": "2024-09-21 16:20:19 +0000"
    },
    "done": true
  },
  "minecraft:recipes/combat/leather_helmet": {
    "criteria": {
      "has_leather": "2024-09-21 16:21:37 +0000"
    },
    "done": true
  },
  "minecraft:recipes/decorations/ladder": {
    "criteria": {
      "has_stick": "2024-09-21 16:20:05 +0000"
    },
    "done": true
  },
  "minecraft:recipes/combat/iron_leggings": {
    "criteria": {
      "has_iron_ingot": "2024-09-21 16:25:18 +0000"
    },
    "done": true
  },
  "minecraft:recipes/combat/leather_leggings": {
    "criteria": {
      "has_leather": "2024-09-21 16:21:37 +0000"
    },
    "done": true
  },
  "blazeandcave:farming/hay_there": {
    "criteria": {
      "hay_block": "2024-09-21 16:27:12 +0000"
    },
    "done": true
  },
  "blazeandcave:bacap/time_to_farm": {
    "criteria": {
      "stone_hoe": "2024-09-21 16:26:01 +0000"
    },
    "done": true
  },
  "blazeandcave:bacap/statistics_milestone": {
    "criteria": {
      "root": "2024-09-21 16:28:05 +0000",
      "the_first_night": "2024-09-21 16:28:04 +0000"
    },
    "done": false
  },
  "blazeandcave:building/rainbow_dreams": {
    "criteria": {
      "white_bed": "2024-09-21 16:24:47 +0000"
    },
    "done": false
  },
  "minecraft:recipes/misc/iron_nugget_from_smelting": {
    "criteria": {
      "has_iron_pickaxe": "2024-09-21 16:29:33 +0000"
    },
    "done": true
  },
  "minecraft:recipes/food/cooked_mutton_from_smoking": {
    "criteria": {
      "has_mutton": "2024-09-21 16:21:07 +0000"
    },
    "done": true
  },
  "minecraft:recipes/food/baked_potato_from_campfire_cooking": {
    "criteria": {
      "has_potato": "2024-09-21 16:25:47 +0000"
    },
    "done": true
  },
  "blazeandcave:weaponry/root": {
    "criteria": {
      "sword": "2024-09-21 16:20:44 +0000"
    },
    "done": true
  },
  "minecraft:recipes/building_blocks/bookshelf": {
    "criteria": {
      "has_book": "2024-09-21 16:25:27 +0000"
    },
    "done": true
  },
  "minecraft:story/iron_tools": {
    "criteria": {
      "iron_pickaxe": "2024-09-21 16:29:33 +0000"
    },
    "done": true
  },
  "minecraft:recipes/combat/iron_chestplate": {
    "criteria": {
      "has_iron_ingot": "2024-09-21 16:25:18 +0000"
    },
    "done": true
  },
  "minecraft:recipes/decorations/oak_sign": {
    "criteria": {
      "has_planks": "2024-09-21 16:20:02 +0000"
    },
    "done": true
  },
  "minecraft:recipes/redstone/oak_trapdoor": {
    "criteria": {
      "has_planks": "2024-09-21 16:20:02 +0000"
    },
    "done": true
  },
  "minecraft:recipes/combat/stone_sword": {
    "criteria": {
      "has_cobblestone": "2024-09-21 16:20:19 +0000"
    },
    "done": true
  },
  "minecraft:recipes/decorations/cobblestone_wall": {
    "criteria": {
      "has_cobblestone": "2024-09-21 16:20:19 +0000"
    },
    "done": true
  },
  "blazeandcave:challenges/stack_all_the_items": {
    "criteria": {
      "shield": "2024-09-21 16:29:26 +0000",
      "bread": "2024-09-21 16:29:15 +0000",
      "wooden_pickaxe": "2024-09-21 16:20:17 +0000",
      "iron_pickaxe": "2024-09-21 16:29:33 +0000",
      "wheat": "2024-09-21 16:29:13 +0000",
      "stone_sword": "2024-09-21 16:20:44 +0000",
      "stone_pickaxe": "2024-09-21 16:20:48 +0000",
      "stone_axe": "2024-09-21 16:20:37 +0000",
      "stone_hoe": "2024-09-21 16:26:01 +0000"
    },
    "done": false
  },
  "minecraft:recipes/tools/stone_axe": {
    "criteria": {
      "has_cobblestone": "2024-09-21 16:20:19 +0000"
    },
    "done": true
  },
  "blazeandcave:technical/stat_branch2_mid": {
    "criteria": {
      "root": "2024-09-21 16:28:05 +0000"
    },
    "done": true
  },
  "blazeandcave:weaponry/viking": {
    "criteria": {
      "axe": "2024-09-21 16:21:33 +0000"
    },
    "done": true
  },
  "minecraft:recipes/misc/iron_nugget": {
    "criteria": {
      "has_iron_ingot": "2024-09-21 16:25:18 +0000"
    },
    "done": true
  },
  "blazeandcave:technical/bacap_branch_end": {
    "criteria": {
      "crafting_table": "2024-09-21 16:20:05 +0000"
    },
    "done": true
  },
  "minecraft:recipes/misc/bucket": {
    "criteria": {
      "has_iron_ingot": "2024-09-21 16:25:18 +0000"
    },
    "done": true
  },
  "minecraft:recipes/combat/iron_helmet": {
    "criteria": {
      "has_iron_ingot": "2024-09-21 16:25:18 +0000"
    },
    "done": true
  },
  "minecraft:story/mine_stone": {
    "criteria": {
      "cobblestone": "2024-09-21 16:20:19 +0000"
    },
    "done": true
  },
  "minecraft:recipes/decorations/furnace": {
    "criteria": {
      "has_cobblestone": "2024-09-21 16:20:19 +0000"
    },
    "done": true
  },
  "minecraft:recipes/transportation/minecart": {
    "criteria": {
      "has_iron_ingot": "2024-09-21 16:25:18 +0000"
    },
    "done": true
  },
  "minecraft:recipes/tools/iron_hoe": {
    "criteria": {
      "has_iron_ingot": "2024-09-21 16:25:18 +0000"
    },
    "done": true
  },
  "blazeandcave:technical/stat_branch4_mid": {
    "criteria": {
      "root": "2024-09-21 16:28:05 +0000"
    },
    "done": true
  },
  "blazeandcave:adventure/raidin_master": {
    "criteria": {
      "village_plains": "2024-09-21 16:23:53 +0000"
    },
    "done": false
  },
  "blazeandcave:bacap/advancement_legend": {
    "criteria": {
      "time_to_farm": "2024-09-21 16:26:01 +0000",
      "time_to_strike": "2024-09-21 16:20:44 +0000",
      "acquire_hardware": "2024-09-21 16:25:18 +0000",
      "benchmarking": "2024-09-21 16:20:05 +0000",
      "bacap_root": "2024-09-21 16:17:46 +0000",
      "do_you_want_to_trade": "2024-09-21 16:23:54 +0000",
      "the_first_night": "2024-09-21 16:28:04 +0000",
      "sir_knight": "2024-09-21 16:29:26 +0000",
      "cow_tipper": "2024-09-21 16:21:37 +0000",
      "mining_root": "2024-09-21 16:20:18 +0000",
      "building_root": "2024-09-21 16:20:05 +0000",
      "farming_root": "2024-09-21 16:26:01 +0000",
      "sweet_dreams": "2024-09-21 16:27:49 +0000",
      "ladder_climbers_inc": "2024-09-21 16:24:46 +0000",
      "loser": "2024-09-21 16:19:15 +0000",
      "weaponry_root": "2024-09-21 16:20:44 +0000",
      "time_to_chop": "2024-09-21 16:20:37 +0000",
      "viking": "2024-09-21 16:21:33 +0000",
      "hay_there": "2024-09-21 16:27:12 +0000",
      "wooly": "2024-09-21 16:21:07 +0000",
      "animal_root": "2024-09-21 16:24:17 +0000",
      "for_you_my_sweet": "2024-09-21 16:26:04 +0000",
      "bake_bread": "2024-09-21 16:24:12 +0000",
      "monsters_root": "2024-09-21 16:20:44 +0000",
      "statistics_root": "2024-09-21 16:28:05 +0000",
      "time_to_mine": "2024-09-21 16:20:18 +0000",
      "adventure_root": "2024-09-21 16:21:07 +0000",
      "stone_age": "2024-09-21 16:20:19 +0000",
      "bacon": "2024-09-21 16:24:29 +0000",
      "stationary_storage": "2024-09-21 16:28:47 +0000",
      "getting_wood": "2024-09-21 16:19:41 +0000",
      "isnt_it_iron_pick": "2024-09-21 16:29:33 +0000",
      "biomes_root": "2024-09-21 16:21:07 +0000",
      "just_keep_swimming": "2024-09-21 16:31:36 +0000",
      "sugar_sugar": "2024-09-21 16:30:49 +0000",
      "stairs_no": "2024-09-21 16:28:20 +0000",
      "getting_an_upgrade": "2024-09-21 16:20:48 +0000"
    },
    "done": false
  },
  "minecraft:recipes/food/baked_potato": {
    "criteria": {
      "has_potato": "2024-09-21 16:25:47 +0000"
    },
    "done": true
  },
  "blazeandcave:bacap/farming_milestone": {
    "criteria": {
      "hay_there": "2024-09-21 16:27:12 +0000",
      "bake_bread": "2024-09-21 16:24:12 +0000",
      "root": "2024-09-21 16:26:01 +0000",
      "sugar_sugar": "2024-09-21 16:30:49 +0000"
    },
    "done": false
  },
  "minecraft:recipes/tools/wooden_axe": {
    "criteria": {
      "has_stick": "2024-09-21 16:20:05 +0000"
    },
    "done": true
  },
  "minecraft:recipes/decorations/painting": {
    "criteria": {
      "has_wool": "2024-09-21 16:21:07 +0000"
    },
    "done": true
  },
  "minecraft:recipes/decorations/black_carpet": {
    "criteria": {
      "has_black_wool": "2024-09-21 16:21:30 +0000"
    },
    "done": true
  },
  "blazeandcave:technical/stat_branch6_mid": {
    "criteria": {
      "root": "2024-09-21 16:28:05 +0000"
    },
    "done": true
  },
  "blazeandcave:animal/cow_tipper": {
    "criteria": {
      "leather": "2024-09-21 16:21:37 +0000"
    },
    "done": true
  },
  "minecraft:recipes/combat/leather_chestplate": {
    "criteria": {
      "has_leather": "2024-09-21 16:21:37 +0000"
    },
    "done": true
  },
  "blazeandcave:farming/bake_bread": {
    "criteria": {
      "bread": "2024-09-21 16:24:12 +0000"
    },
    "done": true
  },
  "blazeandcave:farming/root": {
    "criteria": {
      "hoe": "2024-09-21 16:26:01 +0000"
    },
    "done": true
  },
  "minecraft:story/smelt_iron": {
    "criteria": {
      "iron": "2024-09-21 16:25:18 +0000"
    },
    "done": true
  },
  "blazeandcave:biomes/one_with_the_forest": {
    "criteria": {
      "plains": "2024-09-21 16:17:46 +0000"
    },
    "done": false
  },
  "minecraft:recipes/decorations/crafting_table": {
    "criteria": {
      "unlock_right_away": "2024-09-21 16:17:45 +0000"
    },
    "done": true
  },
  "minecraft:recipes/decorations/chest": {
    "criteria": {
      "has_lots_of_items": "2024-09-21 16:21:07 +0000"
    },
    "done": true
  },
  "minecraft:recipes/tools/shears": {
    "criteria": {
      "has_iron_ingot": "2024-09-21 16:25:18 +0000"
    },
    "done": true
  },
  "minecraft:recipes/misc/stick": {
    "criteria": {
      "has_planks": "2024-09-21 16:20:02 +0000"
    },
    "done": true
  },
  "blazeandcave:building/stationary_storage": {
    "criteria": {
      "chest": "2024-09-21 16:28:47 +0000"
    },
    "done": true
  },
  "minecraft:recipes/building_blocks/emerald_block": {
    "criteria": {
      "has_emerald": "2024-09-21 16:25:51 +0000"
    },
    "done": true
  },
  "blazeandcave:weaponry/axeman": {
    "criteria": {
      "stone_axe": "2024-09-21 16:21:33 +0000"
    },
    "done": false
  },
  "blazeandcave:technical/stat_branch8_mid": {
    "criteria": {
      "root": "2024-09-21 16:28:05 +0000"
    },
    "done": true
  },
  "blazeandcave:animal/wooly": {
    "criteria": {
      "sheep": "2024-09-21 16:21:07 +0000"
    },
    "done": true
  },
  "minecraft:recipes/redstone/lectern": {
    "criteria": {
      "has_book": "2024-09-21 16:25:27 +0000"
    },
    "done": true
  },
  "blazeandcave:challenges/all_the_blocks": {
    "criteria": {
      "white_wool": "2024-09-21 16:21:07 +0000",
      "chest": "2024-09-21 16:28:45 +0000",
      "poppy": "2024-09-21 16:26:04 +0000",
      "crafting_table": "2024-09-21 16:20:05 +0000",
      "oak_sapling": "2024-09-21 16:20:56 +0000",
      "oak_planks": "2024-09-21 16:20:02 +0000",
      "dirt": "2024-09-21 16:20:08 +0000",
      "hay_block": "2024-09-21 16:26:04 +0000",
      "white_bed": "2024-09-21 16:24:47 +0000",
      "dandelion": "2024-09-21 16:26:04 +0000",
      "oak_stairs": "2024-09-21 16:28:20 +0000",
      "oak_log": "2024-09-21 16:19:41 +0000",
      "cobblestone": "2024-09-21 16:20:19 +0000",
      "black_wool": "2024-09-21 16:21:30 +0000"
    },
    "done": false
  },
  "minecraft:adventure/sleep_in_bed": {
    "criteria": {
      "slept_in_bed": "2024-09-21 16:27:48 +0000"
    },
    "done": true
  },
  "minecraft:recipes/building_blocks/cobblestone_slab_from_cobblestone_stonecutting": {
    "criteria": {
      "has_cobblestone": "2024-09-21 16:20:19 +0000"
    },
    "done": true
  },
  "blazeandcave:weaponry/multiclassed": {
    "criteria": {
      "sword": "2024-09-21 16:21:06 +0000",
      "axe": "2024-09-21 16:21:33 +0000"
    },
    "done": false
  },
  "minecraft:recipes/building_blocks/oak_stairs": {
    "criteria": {
      "has_planks": "2024-09-21 16:20:02 +0000"
    },
    "done": true
  },
  "blazeandcave:bacap/time_to_mine": {
    "criteria": {
      "wooden_pickaxe": "2024-09-21 16:20:17 +0000"
    },
    "done": true
  },
  "minecraft:recipes/transportation/cherry_boat": {
    "criteria": {
      "in_water": "2024-09-21 16:31:36 +0000"
    },
    "done": true
  },
  "minecraft:recipes/decorations/chain": {
    "criteria": {
      "has_iron_ingot": "2024-09-21 16:25:18 +0000"
    },
    "done": true
  },
  "minecraft:recipes/decorations/oak_fence": {
    "criteria": {
      "has_planks": "2024-09-21 16:20:02 +0000"
    },
    "done": true
  },
  "minecraft:recipes/food/cooked_porkchop_from_campfire_cooking": {
    "criteria": {
      "has_porkchop": "2024-09-21 16:24:29 +0000"
    },
    "done": true
  },
  "minecraft:recipes/building_blocks/chiseled_bookshelf": {
    "criteria": {
      "has_book": "2024-09-21 16:25:27 +0000"
    },
    "done": true
  },
  "minecraft:recipes/building_blocks/iron_block": {
    "criteria": {
      "has_iron_ingot": "2024-09-21 16:25:18 +0000"
    },
    "done": true
  },
  "minecraft:recipes/misc/red_dye_from_poppy": {
    "criteria": {
      "has_poppy": "2024-09-21 16:26:04 +0000"
    },
    "done": true
  },
  "minecraft:recipes/misc/yellow_dye_from_dandelion": {
    "criteria": {
      "has_dandelion": "2024-09-21 16:26:04 +0000"
    },
    "done": true
  },
  "blazeandcave:building/root": {
    "criteria": {
      "crafting_table": "2024-09-21 16:20:05 +0000"
    },
    "done": true
  },
  "blazeandcave:bacap/biomes_milestone": {
    "criteria": {
      "just_keep_swimming": "2024-09-21 16:31:36 +0000",
      "for_you_my_sweet": "2024-09-21 16:26:04 +0000",
      "root": "2024-09-21 16:21:07 +0000"
    },
    "done": false
  },
  "blazeandcave:farming/vegetarian": {
    "criteria": {
      "bread": "2024-09-21 16:24:17 +0000"
    },
    "done": false
  },
  "minecraft:recipes/decorations/black_banner": {
    "criteria": {
      "has_black_wool": "2024-09-21 16:21:30 +0000"
    },
    "done": true
  },
  "blazeandcave:weaponry/loser": {
    "criteria": {
      "trigger": "2024-09-21 16:19:14 +0000"
    },
    "done": true
  },
  "minecraft:recipes/building_blocks/stone": {
    "criteria": {
      "has_cobblestone": "2024-09-21 16:20:19 +0000"
    },
    "done": true
  },
  "blazeandcave:building/stairs_no": {
    "criteria": {
      "stairs": "2024-09-21 16:28:20 +0000"
    },
    "done": true
  },
  "minecraft:recipes/transportation/bamboo_raft": {
    "criteria": {
      "in_water": "2024-09-21 16:31:36 +0000"
    },
    "done": true
  },
  "minecraft:recipes/decorations/smithing_table": {
    "criteria": {
      "has_iron_ingot": "2024-09-21 16:25:18 +0000"
    },
    "done": true
  },
  "blazeandcave:animal/rainbow_collection": {
    "criteria": {
      "white_wool": "2024-09-21 16:21:07 +0000",
      "black_wool": "2024-09-21 16:21:30 +0000"
    },
    "done": false
  },
  "blazeandcave:bacap/time_to_chop": {
    "criteria": {
      "stone_axe": "2024-09-21 16:20:37 +0000"
    },
    "done": true
  },
  "minecraft:recipes/misc/writable_book": {
    "criteria": {
      "has_book": "2024-09-21 16:25:27 +0000"
    },
    "done": true
  },
  "minecraft:recipes/food/bread": {
    "criteria": {
      "has_wheat": "2024-09-21 16:29:13 +0000"
    },
    "done": true
  },
  "minecraft:recipes/transportation/spruce_boat": {
    "criteria": {
      "in_water": "2024-09-21 16:31:36 +0000"
    },
    "done": true
  },
  "minecraft:recipes/building_blocks/hay_block": {
    "criteria": {
      "has_wheat": "2024-09-21 16:29:13 +0000"
    },
    "done": true
  },
  "minecraft:recipes/misc/leather_horse_armor": {
    "criteria": {
      "has_leather": "2024-09-21 16:21:37 +0000"
    },
    "done": true
  },
  "blazeandcave:challenges/explorer_of_worlds": {
    "criteria": {
      "plains": "2024-09-21 16:17:46 +0000",
      "river": "2024-09-21 16:24:17 +0000"
    },
    "done": false
  },
  "blazeandcave:farming/a_gluttonous_diet": {
    "criteria": {
      "bread": "2024-09-21 16:29:15 +0000"
    },
    "done": false
  },
  "blazeandcave:redstone/engineer": {
    "criteria": {
      "white_wool": "2024-09-21 16:21:07 +0000",
      "chest": "2024-09-21 16:28:45 +0000"
    },
    "done": false
  },
  "minecraft:recipes/redstone/target": {
    "criteria": {
      "has_hay_block": "2024-09-21 16:26:04 +0000"
    },
    "done": true
  },
  "minecraft:husbandry/root": {
    "criteria": {
      "consumed_item": "2024-09-21 16:24:17 +0000"
    },
    "done": true
  },
  "minecraft:recipes/transportation/birch_boat": {
    "criteria": {
      "in_water": "2024-09-21 16:31:36 +0000"
    },
    "done": true
  },
  "blazeandcave:statistics/the_first_night": {
    "criteria": {
      "trigger": "2024-09-21 16:28:03 +0000"
    },
    "done": true
  },
  "minecraft:recipes/decorations/white_carpet": {
    "criteria": {
      "has_white_wool": "2024-09-21 16:21:07 +0000"
    },
    "done": true
  },
  "minecraft:recipes/transportation/oak_boat": {
    "criteria": {
      "in_water": "2024-09-21 16:31:36 +0000"
    },
    "done": true
  },
  "minecraft:recipes/misc/paper": {
    "criteria": {
      "has_reeds": "2024-09-21 16:30:49 +0000"
    },
    "done": true
  },
  "blazeandcave:building/rock_collection": {
    "criteria": {
      "cobblestone": "2024-09-21 16:20:19 +0000"
    },
    "done": false
  },
  "blazeandcave:weaponry/sir_knight": {
    "criteria": {
      "shield": "2024-09-21 16:29:26 +0000"
    },
    "done": true
  },
  "minecraft:recipes/redstone/oak_button": {
    "criteria": {
      "has_planks": "2024-09-21 16:20:02 +0000"
    },
    "done": true
  },
  "blazeandcave:farming/sugar_sugar": {
    "criteria": {
      "sugar_cane": "2024-09-21 16:30:49 +0000"
    },
    "done": true
  },
  "blazeandcave:bacap/weaponry_milestone": {
    "criteria": {
      "root": "2024-09-21 16:20:44 +0000",
      "sir_knight": "2024-09-21 16:29:26 +0000",
      "loser": "2024-09-21 16:19:15 +0000",
      "viking": "2024-09-21 16:21:33 +0000"
    },
    "done": false
  },
  "blazeandcave:technical/stat_branch1_mid": {
    "criteria": {
      "root": "2024-09-21 16:28:05 +0000"
    },
    "done": true
  },
  "minecraft:recipes/combat/iron_sword": {
    "criteria": {
      "has_iron_ingot": "2024-09-21 16:25:18 +0000"
    },
    "done": true
  },
  "minecraft:recipes/tools/iron_pickaxe": {
    "criteria": {
      "has_iron_ingot": "2024-09-21 16:25:18 +0000"
    },
    "done": true
  },
  "minecraft:recipes/transportation/mangrove_boat": {
    "criteria": {
      "in_water": "2024-09-21 16:31:36 +0000"
    },
    "done": true
  },
  "minecraft:recipes/decorations/torch": {
    "criteria": {
      "has_stone_pickaxe": "2024-09-21 16:20:48 +0000"
    },
    "done": true
  },
  "minecraft:recipes/combat/shield": {
    "criteria": {
      "has_iron_ingot": "2024-09-21 16:25:18 +0000"
    },
    "done": true
  },
  "minecraft:recipes/redstone/hopper": {
    "criteria": {
      "has_iron_ingot": "2024-09-21 16:25:18 +0000"
    },
    "done": true
  },
  "minecraft:recipes/decorations/iron_bars": {
    "criteria": {
      "has_iron_ingot": "2024-09-21 16:25:18 +0000"
    },
    "done": true
  },
  "minecraft:recipes/decorations/black_bed": {
    "criteria": {
      "has_black_wool": "2024-09-21 16:21:30 +0000"
    },
    "done": true
  },
  "minecraft:recipes/food/cooked_beef_from_smoking": {
    "criteria": {
      "has_beef": "2024-09-21 16:21:34 +0000"
    },
    "done": true
  },
  "blazeandcave:building/yay_i_got_my_wood": {
    "criteria": {
      "oak_log": "2024-09-21 16:19:41 +0000"
    },
    "done": false
  },
  "minecraft:recipes/food/cooked_porkchop": {
    "criteria": {
      "has_porkchop": "2024-09-21 16:24:29 +0000"
    },
    "done": true
  },
  "minecraft:recipes/building_blocks/oak_slab": {
    "criteria": {
      "has_planks": "2024-09-21 16:20:02 +0000"
    },
    "done": true
  },
  "blazeandcave:bacap/root": {
    "criteria": {
      "location": "2024-09-21 16:17:46 +0000"
    },
    "done": true
  },
  "blazeandcave:statistics/root": {
    "criteria": {
      "the_first_night": "2024-09-21 16:28:04 +0000"
    },
    "done": true
  },
  "blazeandcave:bacap/mining_milestone": {
    "criteria": {
      "acquire_hardware": "2024-09-21 16:25:18 +0000",
      "isnt_it_iron_pick": "2024-09-21 16:29:33 +0000",
      "root": "2024-09-21 16:20:18 +0000",
      "getting_an_upgrade": "2024-09-21 16:20:48 +0000",
      "stone_age": "2024-09-21 16:20:19 +0000"
    },
    "done": false
  },
  "minecraft:recipes/combat/iron_boots": {
    "criteria": {
      "has_iron_ingot": "2024-09-21 16:25:18 +0000"
    },
    "done": true
  },
  "blazeandcave:technical/stat_branch3_mid": {
    "criteria": {
      "root": "2024-09-21 16:28:05 +0000"
    },
    "done": true
  },
  "blazeandcave:mining/root": {
    "criteria": {
      "pickaxe": "2024-09-21 16:20:17 +0000"
    },
    "done": true
  },
  "blazeandcave:biomes/root": {
    "criteria": {
      "killed_something": "2024-09-21 16:21:07 +0000"
    },
    "done": true
  },
  "minecraft:recipes/tools/stone_pickaxe": {
    "criteria": {
      "has_cobblestone": "2024-09-21 16:20:19 +0000"
    },
    "done": true
  },
  "minecraft:recipes/decorations/lantern": {
    "criteria": {
      "has_iron_ingot": "2024-09-21 16:25:18 +0000"
    },
    "done": true
  },
  "minecraft:recipes/food/cooked_mutton": {
    "criteria": {
      "has_mutton": "2024-09-21 16:21:07 +0000"
    },
    "done": true
  },
  "blazeandcave:biomes/just_keep_swimming": {
    "criteria": {
      "enter_water": "2024-09-21 16:31:36 +0000"
    },
    "done": true
  },
  "minecraft:recipes/decorations/campfire": {
    "criteria": {
      "has_stick": "2024-09-21 16:20:05 +0000"
    },
    "done": true
  },
  "blazeandcave:technical/stat_branch5_mid": {
    "criteria": {
      "root": "2024-09-21 16:28:05 +0000"
    },
    "done": true
  },
  "minecraft:recipes/misc/sugar_from_sugar_cane": {
    "criteria": {
      "has_sugar_cane": "2024-09-21 16:30:49 +0000"
    },
    "done": true
  },
  "minecraft:recipes/tools/wooden_hoe": {
    "criteria": {
      "has_stick": "2024-09-21 16:20:05 +0000"
    },
    "done": true
  },
  "minecraft:recipes/decorations/white_banner": {
    "criteria": {
      "has_white_wool": "2024-09-21 16:21:07 +0000"
    },
    "done": true
  },
  "minecraft:recipes/redstone/oak_fence_gate": {
    "criteria": {
      "has_planks": "2024-09-21 16:20:02 +0000"
    },
    "done": true
  },
  "minecraft:recipes/misc/charcoal": {
    "criteria": {
      "has_log": "2024-09-21 16:19:41 +0000"
    },
    "done": true
  },
  "minecraft:recipes/tools/wooden_pickaxe": {
    "criteria": {
      "has_stick": "2024-09-21 16:20:05 +0000"
    },
    "done": true
  },
  "minecraft:recipes/tools/iron_shovel": {
    "criteria": {
      "has_iron_ingot": "2024-09-21 16:25:18 +0000"
    },
    "done": true
  },
  "minecraft:recipes/decorations/item_frame": {
    "criteria": {
      "has_leather": "2024-09-21 16:21:37 +0000"
    },
    "done": true
  },
  "minecraft:recipes/food/baked_potato_from_smoking": {
    "criteria": {
      "has_potato": "2024-09-21 16:25:47 +0000"
    },
    "done": true
  },
  "minecraft:story/upgrade_tools": {
    "criteria": {
      "stone_pickaxe": "2024-09-21 16:20:48 +0000"
    },
    "done": true
  },
  "blazeandcave:challenges/all_the_items": {
    "criteria": {
      "mutton": "2024-09-21 16:21:07 +0000",
      "wheat_seeds": "2024-09-21 16:27:05 +0000",
      "shield": "2024-09-21 16:29:26 +0000",
      "bread": "2024-09-21 16:24:12 +0000",
      "wooden_pickaxe": "2024-09-21 16:20:17 +0000",
      "book": "2024-09-21 16:25:27 +0000",
      "beef": "2024-09-21 16:21:34 +0000",
      "stone_sword": "2024-09-21 16:20:44 +0000",
      "porkchop": "2024-09-21 16:24:29 +0000",
      "leather": "2024-09-21 16:21:37 +0000",
      "stone_hoe": "2024-09-21 16:26:01 +0000",
      "iron_ingot": "2024-09-21 16:25:18 +0000",
      "apple": "2024-09-21 16:25:48 +0000",
      "sugar_cane": "2024-09-21 16:30:49 +0000",
      "potato": "2024-09-21 16:25:47 +0000",
      "iron_pickaxe": "2024-09-21 16:29:33 +0000",
      "stick": "2024-09-21 16:20:05 +0000",
      "wheat": "2024-09-21 16:29:13 +0000",
      "stone_pickaxe": "2024-09-21 16:20:48 +0000",
      "stone_axe": "2024-09-21 16:20:37 +0000",
      "emerald": "2024-09-21 16:25:51 +0000"
    },
    "done": false
  },
  "blazeandcave:challenges/i_am_loot": {
    "criteria": {
      "village_plains_house": "2024-09-21 16:24:08 +0000"
    },
    "done": false
  },
  "minecraft:recipes/redstone/oak_pressure_plate": {
    "criteria": {
      "has_planks": "2024-09-21 16:20:02 +0000"
    },
    "done": true
  },
  "blazeandcave:bacap/monsters_milestone": {
    "criteria": {
      "root": "2024-09-21 16:20:44 +0000"
    },
    "done": false
  },
  "blazeandcave:technical/fail_dragon_vs": {
    "criteria": {
      "enter_water": "2024-09-21 16:31:36 +0000"
    },
    "done": true
  },
  "blazeandcave:bacap/building_milestone": {
    "criteria": {
      "stationary_storage": "2024-09-21 16:28:47 +0000",
      "sweet_dreams": "2024-09-21 16:27:49 +0000",
      "root": "2024-09-21 16:20:05 +0000",
      "ladder_climbers_inc": "2024-09-21 16:24:46 +0000",
      "stairs_no": "2024-09-21 16:28:20 +0000"
    },
    "done": false
  },
  "minecraft:recipes/redstone/oak_door": {
    "criteria": {
      "has_planks": "2024-09-21 16:20:02 +0000"
    },
    "done": true
  },
  "blazeandcave:technical/stat_branch7_mid": {
    "criteria": {
      "root": "2024-09-21 16:28:05 +0000"
    },
    "done": true
  },
  "minecraft:recipes/food/cooked_mutton_from_campfire_cooking": {
    "criteria": {
      "has_mutton": "2024-09-21 16:21:07 +0000"
    },
    "done": true
  },
  "blazeandcave:adventure/do_you_want_to_trade": {
    "criteria": {
      "village": "2024-09-21 16:23:53 +0000"
    },
    "done": true
  },
  "minecraft:recipes/tools/wooden_shovel": {
    "criteria": {
      "has_stick": "2024-09-21 16:20:05 +0000"
    },
    "done": true
  },
  "blazeandcave:bacap/time_to_strike": {
    "criteria": {
      "stone_sword": "2024-09-21 16:20:44 +0000"
    },
    "done": true
  },
  "minecraft:recipes/building_blocks/cobblestone_slab": {
    "criteria": {
      "has_cobblestone": "2024-09-21 16:20:19 +0000"
    },
    "done": true
  },
  "blazeandcave:monsters/root": {
    "criteria": {
      "sword": "2024-09-21 16:20:44 +0000"
    },
    "done": true
  },
  "minecraft:recipes/transportation/acacia_boat": {
    "criteria": {
      "in_water": "2024-09-21 16:31:36 +0000"
    },
    "done": true
  },
  "minecraft:recipes/redstone/iron_trapdoor": {
    "criteria": {
      "has_iron_ingot": "2024-09-21 16:25:18 +0000"
    },
    "done": true
  },
  "minecraft:adventure/root": {
    "criteria": {
      "killed_something": "2024-09-21 16:21:07 +0000"
    },
    "done": true
  },
  "blazeandcave:building/ladder_climbers_inc": {
    "criteria": {
      "enter_ladder": "2024-09-21 16:24:46 +0000"
    },
    "done": true
  },
  "blazeandcave:technical/stat_branch9_mid": {
    "criteria": {
      "root": "2024-09-21 16:28:05 +0000"
    },
    "done": true
  },
  "blazeandcave:bacap/getting_wood": {
    "criteria": {
      "oak_log": "2024-09-21 16:19:41 +0000"
    },
    "done": true
  },
  "minecraft:recipes/combat/wooden_sword": {
    "criteria": {
      "has_stick": "2024-09-21 16:20:05 +0000"
    },
    "done": true
  },
  "minecraft:recipes/building_blocks/oak_planks": {
    "criteria": {
      "has_logs": "2024-09-21 16:19:41 +0000"
    },
    "done": true
  },
  "minecraft:recipes/tools/iron_axe": {
    "criteria": {
      "has_iron_ingot": "2024-09-21 16:25:18 +0000"
    },
    "done": true
  },
  "blazeandcave:biomes/wet_feet": {
    "criteria": {
      "river": "2024-09-21 16:24:17 +0000"
    },
    "done": false
  },
  "minecraft:recipes/combat/crossbow": {
    "criteria": {
      "has_iron_ingot": "2024-09-21 16:25:18 +0000"
    },
    "done": true
  },
  "minecraft:recipes/food/cooked_porkchop_from_smoking": {
    "criteria": {
      "has_porkchop": "2024-09-21 16:24:29 +0000"
    },
    "done": true
  },
  "blazeandcave:bacap/adventure_milestone": {
    "criteria": {
      "root": "2024-09-21 16:21:07 +0000",
      "do_you_want_to_trade": "2024-09-21 16:23:54 +0000"
    },
    "done": false
  },
  "minecraft:recipes/misc/iron_nugget_from_blasting": {
    "criteria": {
      "has_iron_pickaxe": "2024-09-21 16:29:33 +0000"
    },
    "done": true
  },
  "minecraft:adventure/adventuring_time": {
    "criteria": {
      "plains": "2024-09-21 16:17:46 +0000",
      "river": "2024-09-21 16:24:17 +0000"
    },
    "done": false
  },
  "minecraft:recipes/decorations/barrel": {
    "criteria": {
      "has_planks": "2024-09-21 16:20:02 +0000"
    },
    "done": true
  },
  "minecraft:recipes/combat/leather_boots": {
    "criteria": {
      "has_leather": "2024-09-21 16:21:37 +0000"
    },
    "done": true
  },
  "minecraft:recipes/decorations/cobblestone_wall_from_cobblestone_stonecutting": {
    "criteria": {
      "has_cobblestone": "2024-09-21 16:20:19 +0000"
    },
    "done": true
  },
  "minecraft:recipes/building_blocks/cobblestone_stairs_from_cobblestone_stonecutting": {
    "criteria": {
      "has_cobblestone": "2024-09-21 16:20:19 +0000"
    },
    "done": true
  },
  "minecraft:recipes/misc/wheat": {
    "criteria": {
      "has_hay_block": "2024-09-21 16:26:04 +0000"
    },
    "done": true
  },
  "minecraft:recipes/decorations/white_bed": {
    "criteria": {
      "has_white_wool": "2024-09-21 16:21:07 +0000"
    },
    "done": true
  },
  "blazeandcave:animal/bacon": {
    "criteria": {
      "pig": "2024-09-21 16:24:29 +0000"
    },
    "done": true
  },
  "minecraft:husbandry/balanced_diet": {
    "criteria": {
      "bread": "2024-09-21 16:24:17 +0000"
    },
    "done": false
  },
  "minecraft:recipes/building_blocks/cobblestone_stairs": {
    "criteria": {
      "has_cobblestone": "2024-09-21 16:20:19 +0000"
    },
    "done": true
  },
  "minecraft:recipes/tools/stone_hoe": {
    "criteria": {
      "has_cobblestone": "2024-09-21 16:20:19 +0000"
    },
    "done": true
  },
  "blazeandcave:bacap/animal_milestone": {
    "criteria": {
      "bacon": "2024-09-21 16:24:29 +0000",
      "wooly": "2024-09-21 16:21:07 +0000",
      "root": "2024-09-21 16:24:17 +0000",
      "cow_tipper": "2024-09-21 16:21:37 +0000"
    },
    "done": false
  },
  "blazeandcave:building/professor_oak": {
    "criteria": {
      "oak_stairs": "2024-09-21 16:28:20 +0000",
      "oak_log": "2024-09-21 16:19:41 +0000",
      "oak_planks": "2024-09-21 16:20:02 +0000"
    },
    "done": false
  },
  "blazeandcave:biomes/flower_power": {
    "criteria": {
      "poppy": "2024-09-21 16:26:04 +0000",
      "dandelion": "2024-09-21 16:26:04 +0000"
    },
    "done": false
  },
  "minecraft:recipes/tools/stone_shovel": {
    "criteria": {
      "has_cobblestone": "2024-09-21 16:20:19 +0000"
    },
    "done": true
  },
  "minecraft:recipes/building_blocks/oak_wood": {
    "criteria": {
      "has_log": "2024-09-21 16:19:41 +0000"
    },
    "done": true
  },
  "minecraft:story/root": {
    "criteria": {
      "crafting_table": "2024-09-21 16:20:05 +0000"
    },
    "done": true
  },
  "blazeandcave:mining/moar_tools": {
    "criteria": {
      "stone_pickaxe": "2024-09-21 16:20:48 +0000",
      "stone_axe": "2024-09-21 16:20:37 +0000",
      "stone_hoe": "2024-09-21 16:26:01 +0000"
    },
    "done": false
  },
  "minecraft:recipes/food/cooked_beef": {
    "criteria": {
      "has_beef": "2024-09-21 16:21:34 +0000"
    },
    "done": true
  },
  "minecraft:recipes/redstone/iron_door": {
    "criteria": {
      "has_iron_ingot": "2024-09-21 16:25:18 +0000"
    },
    "done": true
  },
  "blazeandcave:building/ah_my_old_enemy": {
    "criteria": {
      "oak_stairs": "2024-09-21 16:28:20 +0000"
    },
    "done": false
  },
  "blazeandcave:challenges/stack_all_the_blocks": {
    "criteria": {
      "hay_block": "2024-09-21 16:27:12 +0000",
      "white_bed": "2024-09-21 16:24:47 +0000"
    },
    "done": false
  },
  "minecraft:recipes/transportation/jungle_boat": {
    "criteria": {
      "in_water": "2024-09-21 16:31:36 +0000"
    },
    "done": true
  },
  "minecraft:recipes/redstone/heavy_weighted_pressure_plate": {
    "criteria": {
      "has_iron_ingot": "2024-09-21 16:25:18 +0000"
    },
    "done": true
  },
  "minecraft:recipes/transportation/dark_oak_boat": {
    "criteria": {
      "in_water": "2024-09-21 16:31:36 +0000"
    },
    "done": true
  },
  "blazeandcave:biomes/for_you_my_sweet": {
    "criteria": {
      "dandelion": "2024-09-21 16:26:04 +0000"
    },
    "done": true
  },
  "minecraft:recipes/food/cooked_beef_from_campfire_cooking": {
    "criteria": {
      "has_beef": "2024-09-21 16:21:34 +0000"
    },
    "done": true
  },
  "DataVersion": 3955
}