{
  "minecraft:recipes/decorations/crafting_table": {
    "criteria": {
      "unlock_right_away": "2024-09-21 19:13:29 +0000"
    },
    "done": true
  },
  "blazeandcave:biomes/high_feet": {
    "criteria": {
      "windswept_hills": "2024-09-21 19:13:30 +0000"
    },
    "done": false
  },
  "blazeandcave:challenges/explorer_of_worlds": {
    "criteria": {
      "forest": "2024-09-21 19:13:58 +0000",
      "sunflower_plains": "2024-09-21 19:32:38 +0000",
      "sparse_jungle": "2024-09-21 20:05:40 +0000",
      "taiga": "2024-09-21 19:48:46 +0000",
      "birch_forest": "2024-09-21 19:54:35 +0000",
      "cold_ocean": "2024-09-21 19:42:07 +0000",
      "deep_ocean": "2024-09-21 19:50:44 +0000",
      "old_growth_birch_forest": "2024-09-21 19:53:37 +0000",
      "lukewarm_ocean": "2024-09-21 20:06:10 +0000",
      "windswept_hills": "2024-09-21 19:13:30 +0000",
      "ocean": "2024-09-21 19:33:40 +0000",
      "dark_forest": "2024-09-21 20:13:41 +0000",
      "savanna": "2024-09-21 20:24:43 +0000",
      "windswept_savanna": "2024-09-21 19:50:17 +0000",
      "plains": "2024-09-21 19:24:29 +0000",
      "beach": "2024-09-21 19:33:35 +0000",
      "jungle": "2024-09-21 20:14:10 +0000",
      "river": "2024-09-21 19:27:51 +0000"
    },
    "done": false
  },
  "blazeandcave:bacap/root": {
    "criteria": {
      "location": "2024-09-21 19:13:30 +0000"
    },
    "done": true
  },
  "minecraft:adventure/adventuring_time": {
    "criteria": {
      "forest": "2024-09-21 19:13:58 +0000",
      "taiga": "2024-09-21 19:48:46 +0000",
      "birch_forest": "2024-09-21 19:53:37 +0000",
      "cold_ocean": "2024-09-21 19:42:07 +0000",
      "lukewarm_ocean": "2024-09-21 20:06:10 +0000",
      "windswept_hills": "2024-09-21 19:13:30 +0000",
      "ocean": "2024-09-21 19:33:40 +0000",
      "dark_forest": "2024-09-21 20:13:41 +0000",
      "plains": "2024-09-21 19:24:29 +0000",
      "savanna": "2024-09-21 19:50:17 +0000",
      "beach": "2024-09-21 19:33:35 +0000",
      "jungle": "2024-09-21 20:05:40 +0000",
      "river": "2024-09-21 19:27:51 +0000"
    },
    "done": false
  },
  "blazeandcave:bacap/advancement_legend": {
    "criteria": {
      "benchmarking": "2024-09-21 19:14:29 +0000",
      "living_like_kings": "2024-09-21 19:18:31 +0000",
      "coal_miner": "2024-09-21 20:32:26 +0000",
      "do_you_want_to_trade": "2024-09-21 19:27:51 +0000",
      "sharpening_station": "2024-09-21 21:20:12 +0000",
      "mining_root": "2024-09-21 19:14:34 +0000",
      "full_stomach": "2024-09-21 19:44:54 +0000",
      "time_to_dig": "2024-09-21 19:18:22 +0000",
      "one_course_meal": "2024-09-21 20:31:10 +0000",
      "suit_up": "2024-09-21 19:28:02 +0000",
      "tarzan": "2024-09-21 20:14:29 +0000",
      "not_today_thank_you": "2024-09-21 19:57:02 +0000",
      "what_a_deal": "2024-09-21 22:12:43 +0000",
      "spooky_skeleton": "2024-09-21 19:57:08 +0000",
      "atlantis": "2024-09-21 19:51:44 +0000",
      "local_brewery": "2024-09-21 21:20:47 +0000",
      "theres_a_zombie_on_the_lawn": "2024-09-21 19:32:39 +0000",
      "ew_ew_ew": "2024-09-21 20:12:13 +0000",
      "stone_age": "2024-09-21 19:14:38 +0000",
      "kilometre_walk": "2024-09-21 19:40:50 +0000",
      "cut_in_half": "2024-09-21 19:42:45 +0000",
      "isnt_it_iron_pick": "2024-09-21 19:28:00 +0000",
      "just_keep_swimming": "2024-09-21 19:33:34 +0000",
      "gold_rush": "2024-09-21 19:18:31 +0000",
      "spring_in_your_step": "2024-09-21 20:05:00 +0000",
      "blast_shield": "2024-09-21 20:15:32 +0000",
      "getting_an_upgrade": "2024-09-21 19:14:44 +0000",
      "boatception": "2024-09-21 20:09:14 +0000",
      "now_youre_thinking_with_portals": "2024-09-21 19:18:06 +0000",
      "time_to_farm": "2024-09-21 19:21:53 +0000",
      "time_to_strike": "2024-09-21 19:15:33 +0000",
      "dead_dont_die": "2024-09-21 20:12:10 +0000",
      "loot_em": "2024-09-21 19:42:31 +0000",
      "smooth_dude": "2024-09-21 21:31:15 +0000",
      "luxury_cruise": "2024-09-21 19:38:33 +0000",
      "fossil_fuel": "2024-09-21 19:19:03 +0000",
      "the_first_night": "2024-09-21 19:22:10 +0000",
      "iconic_merchandising_prop": "2024-09-21 20:48:28 +0000",
      "sweet_dreams": "2024-09-21 19:22:01 +0000",
      "change_of_sheets": "2024-09-21 19:33:15 +0000",
      "oh_look_it_dings": "2024-09-21 19:30:22 +0000",
      "diam_oh_wait_no": "2024-09-21 19:38:00 +0000",
      "a_good_start": "2024-09-21 20:33:46 +0000",
      "animal_root": "2024-09-21 19:26:40 +0000",
      "for_you_my_sweet": "2024-09-21 19:32:37 +0000",
      "shield_luck": "2024-09-21 19:57:02 +0000",
      "not_chicken_mcnuggets": "2024-09-21 19:18:23 +0000",
      "statistics_root": "2024-09-21 19:22:11 +0000",
      "time_to_mine": "2024-09-21 19:14:34 +0000",
      "bacon": "2024-09-21 19:16:56 +0000",
      "sneaky_snitch": "2024-09-21 19:23:32 +0000",
      "its_a_trap": "2024-09-21 20:55:21 +0000",
      "biomes_root": "2024-09-21 19:16:56 +0000",
      "that_is_so_fletch": "2024-09-21 21:55:59 +0000",
      "there_has_to_be_another_way": "2024-09-21 20:25:01 +0000",
      "ahoy": "2024-09-21 19:37:32 +0000",
      "stairs_no": "2024-09-21 19:42:46 +0000",
      "diamonds": "2024-09-21 19:41:53 +0000",
      "bacap_root": "2024-09-21 19:13:31 +0000",
      "spider_skeleton": "2024-09-21 20:12:11 +0000",
      "strike_a_light": "2024-09-21 22:55:21 +0000",
      "the_mighty_jungle": "2024-09-21 20:05:41 +0000",
      "meet_the_flintstones": "2024-09-21 19:35:17 +0000",
      "ice_bucket_challenge": "2024-09-21 19:35:15 +0000",
      "farming_root": "2024-09-21 19:21:53 +0000",
      "weaponry_root": "2024-09-21 19:15:33 +0000",
      "under_pressure": "2024-09-21 19:27:56 +0000",
      "time_to_chop": "2024-09-21 19:14:46 +0000",
      "viking": "2024-09-21 19:16:56 +0000",
      "delicious_fish": "2024-09-21 20:01:29 +0000",
      "kelp_me": "2024-09-21 19:49:19 +0000",
      "hay_there": "2024-09-21 20:26:23 +0000",
      "wooly": "2024-09-21 19:17:12 +0000",
      "bake_bread": "2024-09-21 19:27:59 +0000",
      "monsters_root": "2024-09-21 19:15:33 +0000",
      "torched": "2024-09-21 19:28:56 +0000",
      "adventure_root": "2024-09-21 19:16:56 +0000",
      "aww_it_broke": "2024-09-21 20:03:46 +0000",
      "stationary_storage": "2024-09-21 19:28:49 +0000",
      "getting_wood": "2024-09-21 19:14:02 +0000",
      "good_lookin_treasure": "2024-09-21 19:42:37 +0000",
      "its_original_form": "2024-09-21 22:14:56 +0000",
      "blast_it": "2024-09-21 22:15:40 +0000",
      "sugar_sugar": "2024-09-21 19:53:47 +0000",
      "boned": "2024-09-21 20:30:22 +0000",
      "i_dont_like_sand": "2024-09-21 19:42:26 +0000",
      "acquire_hardware": "2024-09-21 19:18:44 +0000",
      "level_up": "2024-09-21 22:33:51 +0000",
      "hot_topic": "2024-09-21 19:25:41 +0000",
      "sir_knight": "2024-09-21 19:18:48 +0000",
      "what_a_creep": "2024-09-21 22:33:50 +0000",
      "cow_tipper": "2024-09-21 19:24:45 +0000",
      "building_root": "2024-09-21 19:14:29 +0000",
      "tickle_time": "2024-09-21 19:26:46 +0000",
      "heart_of_darkness": "2024-09-21 19:19:12 +0000",
      "ladder_climbers_inc": "2024-09-21 21:27:55 +0000",
      "loser": "2024-09-21 19:38:18 +0000",
      "the_sea_calls_you": "2024-09-21 19:33:40 +0000",
      "suspicious_looking_stew": "2024-09-21 19:38:15 +0000",
      "iron_man": "2024-09-21 20:04:23 +0000",
      "care_for_the_environment": "2024-09-21 19:31:35 +0000",
      "pushed_around": "2024-09-21 19:34:57 +0000",
      "boaty_mcboatface": "2024-09-21 19:33:34 +0000",
      "monster_hunter": "2024-09-21 19:57:08 +0000",
      "feeling_sheepish": "2024-09-21 19:26:40 +0000",
      "pig_slaughterer": "2024-09-21 20:18:50 +0000",
      "dolphin_dasher": "2024-09-21 19:51:04 +0000"
    },
    "done": false
  },
  "blazeandcave:biomes/one_with_the_forest": {
    "criteria": {
      "old_growth_birch_forest": "2024-09-21 19:53:37 +0000",
      "forest": "2024-09-21 19:13:58 +0000",
      "sunflower_plains": "2024-09-21 19:32:38 +0000",
      "taiga": "2024-09-21 19:48:46 +0000",
      "dark_forest": "2024-09-21 20:13:41 +0000",
      "plains": "2024-09-21 19:24:29 +0000",
      "birch_forest": "2024-09-21 19:54:35 +0000"
    },
    "done": false
  },
  "blazeandcave:challenges/all_the_blocks": {
    "criteria": {
      "spruce_sapling": "2024-09-21 19:22:57 +0000",
      "furnace": "2024-09-21 19:25:41 +0000",
      "spruce_slab": "2024-09-21 21:57:13 +0000",
      "oak_sapling": "2024-09-21 19:31:28 +0000",
      "birch_stairs": "2024-09-21 20:00:02 +0000",
      "hay_block": "2024-09-21 19:46:30 +0000",
      "mossy_cobblestone": "2024-09-21 20:45:37 +0000",
      "white_bed": "2024-09-21 19:21:57 +0000",
      "dark_oak_stairs": "2024-09-21 19:42:46 +0000",
      "dandelion": "2024-09-21 20:44:38 +0000",
      "black_wool": "2024-09-21 19:32:42 +0000",
      "spruce_planks": "2024-09-21 20:54:25 +0000",
      "azure_bluet": "2024-09-21 20:51:08 +0000",
      "andesite": "2024-09-21 20:46:04 +0000",
      "chest": "2024-09-21 19:28:47 +0000",
      "obsidian": "2024-09-21 19:35:15 +0000",
      "dark_oak_planks": "2024-09-21 19:43:22 +0000",
      "dirt": "2024-09-21 19:18:17 +0000",
      "bell": "2024-09-21 20:48:45 +0000",
      "grindstone": "2024-09-21 21:20:12 +0000",
      "gravel": "2024-09-21 19:41:51 +0000",
      "sand": "2024-09-21 19:42:26 +0000",
      "gold_block": "2024-09-21 19:35:09 +0000",
      "oak_log": "2024-09-21 19:31:23 +0000",
      "jungle_planks": "2024-09-21 19:44:19 +0000",
      "oak_trapdoor": "2024-09-21 20:55:18 +0000",
      "acacia_log": "2024-09-21 20:25:09 +0000",
      "jungle_stairs": "2024-09-21 19:58:17 +0000",
      "oxeye_daisy": "2024-09-21 20:44:56 +0000",
      "blast_furnace": "2024-09-21 22:15:39 +0000",
      "fletching_table": "2024-09-21 21:55:58 +0000",
      "poppy": "2024-09-21 19:32:37 +0000",
      "brewing_stand": "2024-09-21 21:20:47 +0000",
      "yellow_bed": "2024-09-21 19:33:15 +0000",
      "oak_stairs": "2024-09-21 20:57:38 +0000",
      "jungle_slab": "2024-09-21 19:42:45 +0000",
      "lectern": "2024-09-21 20:58:24 +0000",
      "cobblestone": "2024-09-21 19:14:37 +0000",
      "spruce_trapdoor": "2024-09-21 20:54:51 +0000",
      "spruce_log": "2024-09-21 20:32:47 +0000",
      "birch_log": "2024-09-21 19:14:01 +0000",
      "white_wool": "2024-09-21 19:17:11 +0000",
      "birch_planks": "2024-09-21 19:14:26 +0000",
      "crafting_table": "2024-09-21 19:14:28 +0000",
      "cobblestone_stairs": "2024-09-21 21:30:01 +0000",
      "oak_planks": "2024-09-21 19:32:24 +0000",
      "yellow_wool": "2024-09-21 19:33:01 +0000",
      "oak_fence": "2024-09-21 20:47:53 +0000",
      "cobblestone_wall": "2024-09-21 21:30:03 +0000",
      "torch": "2024-09-21 19:28:54 +0000",
      "acacia_planks": "2024-09-21 20:25:13 +0000",
      "light_gray_wool": "2024-09-21 19:32:54 +0000",
      "sunflower": "2024-09-21 19:32:37 +0000",
      "stone": "2024-09-21 22:14:55 +0000",
      "brown_wool": "2024-09-21 19:32:46 +0000",
      "cauldron": "2024-09-21 21:26:45 +0000",
      "smooth_stone": "2024-09-21 21:31:15 +0000"
    },
    "done": false
  },
  "minecraft:recipes/building_blocks/birch_wood": {
    "criteria": {
      "has_log": "2024-09-21 19:14:01 +0000"
    },
    "done": true
  },
  "blazeandcave:building/professor_birch": {
    "criteria": {
      "birch_boat": "2024-09-21 21:26:11 +0000",
      "birch_planks": "2024-09-21 19:14:26 +0000",
      "birch_stairs": "2024-09-21 20:00:02 +0000",
      "birch_log": "2024-09-21 19:14:01 +0000"
    },
    "done": false
  },
  "blazeandcave:building/yay_i_got_my_wood": {
    "criteria": {
      "oak_log": "2024-09-21 19:31:23 +0000",
      "acacia_log": "2024-09-21 20:25:09 +0000",
      "spruce_log": "2024-09-21 20:32:47 +0000",
      "birch_log": "2024-09-21 19:14:01 +0000"
    },
    "done": false
  },
  "minecraft:recipes/building_blocks/birch_planks": {
    "criteria": {
      "has_logs": "2024-09-21 19:14:01 +0000"
    },
    "done": true
  },
  "minecraft:recipes/misc/charcoal": {
    "criteria": {
      "has_log": "2024-09-21 19:14:01 +0000"
    },
    "done": true
  },
  "blazeandcave:bacap/getting_wood": {
    "criteria": {
      "birch_log": "2024-09-21 19:14:01 +0000"
    },
    "done": true
  },
  "minecraft:recipes/redstone/birch_button": {
    "criteria": {
      "has_planks": "2024-09-21 19:14:26 +0000"
    },
    "done": true
  },
  "minecraft:recipes/redstone/birch_door": {
    "criteria": {
      "has_planks": "2024-09-21 19:14:26 +0000"
    },
    "done": true
  },
  "minecraft:recipes/decorations/birch_fence": {
    "criteria": {
      "has_planks": "2024-09-21 19:14:26 +0000"
    },
    "done": true
  },
  "minecraft:recipes/misc/stick": {
    "criteria": {
      "has_planks": "2024-09-21 19:14:26 +0000"
    },
    "done": true
  },
  "minecraft:recipes/decorations/birch_sign": {
    "criteria": {
      "has_planks": "2024-09-21 19:14:26 +0000"
    },
    "done": true
  },
  "minecraft:recipes/redstone/birch_fence_gate": {
    "criteria": {
      "has_planks": "2024-09-21 19:14:26 +0000"
    },
    "done": true
  },
  "minecraft:recipes/building_blocks/birch_slab": {
    "criteria": {
      "has_planks": "2024-09-21 19:14:26 +0000"
    },
    "done": true
  },
  "minecraft:recipes/building_blocks/birch_stairs": {
    "criteria": {
      "has_planks": "2024-09-21 19:14:26 +0000"
    },
    "done": true
  },
  "minecraft:recipes/redstone/birch_trapdoor": {
    "criteria": {
      "has_planks": "2024-09-21 19:14:26 +0000"
    },
    "done": true
  },
  "minecraft:recipes/decorations/barrel": {
    "criteria": {
      "has_planks": "2024-09-21 19:14:26 +0000"
    },
    "done": true
  },
  "minecraft:recipes/redstone/birch_pressure_plate": {
    "criteria": {
      "has_planks": "2024-09-21 19:14:26 +0000"
    },
    "done": true
  },
  "minecraft:recipes/decorations/ladder": {
    "criteria": {
      "has_stick": "2024-09-21 19:14:28 +0000"
    },
    "done": true
  },
  "blazeandcave:technical/bacap_branch_end": {
    "criteria": {
      "crafting_table": "2024-09-21 19:14:28 +0000"
    },
    "done": true
  },
  "minecraft:recipes/tools/wooden_axe": {
    "criteria": {
      "has_stick": "2024-09-21 19:14:28 +0000"
    },
    "done": true
  },
  "blazeandcave:building/root": {
    "criteria": {
      "crafting_table": "2024-09-21 19:14:28 +0000"
    },
    "done": true
  },
  "minecraft:recipes/decorations/campfire": {
    "criteria": {
      "has_stick": "2024-09-21 19:14:28 +0000"
    },
    "done": true
  },
  "minecraft:recipes/tools/wooden_hoe": {
    "criteria": {
      "has_stick": "2024-09-21 19:14:28 +0000"
    },
    "done": true
  },
  "minecraft:recipes/tools/wooden_pickaxe": {
    "criteria": {
      "has_stick": "2024-09-21 19:14:28 +0000"
    },
    "done": true
  },
  "blazeandcave:challenges/all_the_items": {
    "criteria": {
      "water_bucket": "2024-09-21 20:09:14 +0000",
      "cooked_porkchop": "2024-09-21 19:26:24 +0000",
      "golden_sword": "2024-09-21 19:18:24 +0000",
      "raw_iron": "2024-09-21 19:20:53 +0000",
      "feather": "2024-09-21 19:26:46 +0000",
      "filled_map": "2024-09-21 19:37:36 +0000",
      "arrow": "2024-09-21 20:12:16 +0000",
      "iron_chestplate": "2024-09-21 19:27:58 +0000",
      "fire_charge": "2024-09-21 19:18:24 +0000",
      "beef": "2024-09-21 19:24:41 +0000",
      "porkchop": "2024-09-21 19:16:55 +0000",
      "iron_axe": "2024-09-21 20:04:05 +0000",
      "spruce_boat": "2024-09-21 20:57:14 +0000",
      "gold_ingot": "2024-09-21 19:18:31 +0000",
      "iron_sword": "2024-09-21 20:38:20 +0000",
      "iron_nugget": "2024-09-21 19:18:23 +0000",
      "stick": "2024-09-21 19:14:28 +0000",
      "mutton": "2024-09-21 19:17:11 +0000",
      "wheat_seeds": "2024-09-21 19:22:41 +0000",
      "coast_armor_trim": "2024-09-21 19:42:37 +0000",
      "suspicious_stew": "2024-09-21 19:37:51 +0000",
      "gunpowder": "2024-09-21 22:33:49 +0000",
      "leather": "2024-09-21 19:24:44 +0000",
      "bucket": "2024-09-21 20:21:33 +0000",
      "birch_boat": "2024-09-21 21:26:11 +0000",
      "golden_helmet": "2024-09-21 19:18:21 +0000",
      "leather_leggings": "2024-09-21 19:37:45 +0000",
      "oak_boat": "2024-09-21 19:33:23 +0000",
      "flint": "2024-09-21 19:35:17 +0000",
      "coal": "2024-09-21 19:19:03 +0000",
      "flint_and_steel": "2024-09-21 19:18:23 +0000",
      "leather_helmet": "2024-09-21 19:44:43 +0000",
      "nautilus_shell": "2024-09-21 19:37:31 +0000",
      "stone_axe": "2024-09-21 19:14:45 +0000",
      "emerald": "2024-09-21 19:28:15 +0000",
      "shield": "2024-09-21 19:18:48 +0000",
      "iron_hoe": "2024-09-21 19:46:26 +0000",
      "glass_bottle": "2024-09-21 20:02:33 +0000",
      "chicken": "2024-09-21 19:26:46 +0000",
      "string": "2024-09-21 20:12:17 +0000",
      "cooked_mutton": "2024-09-21 19:26:25 +0000",
      "book": "2024-09-21 19:37:38 +0000",
      "stone_sword": "2024-09-21 19:15:33 +0000",
      "bowl": "2024-09-21 19:38:15 +0000",
      "iron_ingot": "2024-09-21 19:18:44 +0000",
      "apple": "2024-09-21 19:28:14 +0000",
      "iron_boots": "2024-09-21 20:04:23 +0000",
      "paper": "2024-09-21 19:37:37 +0000",
      "potato": "2024-09-21 19:44:48 +0000",
      "bone_meal": "2024-09-21 20:30:22 +0000",
      "cooked_cod": "2024-09-21 19:41:55 +0000",
      "lapis_lazuli": "2024-09-21 19:38:00 +0000",
      "iron_pickaxe": "2024-09-21 19:28:00 +0000",
      "wheat": "2024-09-21 19:51:15 +0000",
      "yellow_dye": "2024-09-21 19:32:57 +0000",
      "stone_pickaxe": "2024-09-21 19:14:43 +0000",
      "iron_helmet": "2024-09-21 20:04:17 +0000",
      "golden_chestplate": "2024-09-21 19:35:16 +0000",
      "golden_shovel": "2024-09-21 19:18:22 +0000",
      "golden_axe": "2024-09-21 19:18:21 +0000",
      "potion": "2024-09-21 20:00:38 +0000",
      "golden_apple": "2024-09-21 19:48:36 +0000",
      "bread": "2024-09-21 19:27:59 +0000",
      "gold_nugget": "2024-09-21 19:42:37 +0000",
      "rotten_flesh": "2024-09-21 19:37:46 +0000",
      "wooden_pickaxe": "2024-09-21 19:14:34 +0000",
      "diamond_pickaxe": "2024-09-21 20:48:28 +0000",
      "bone": "2024-09-21 20:12:22 +0000",
      "iron_leggings": "2024-09-21 20:04:10 +0000",
      "kelp": "2024-09-21 19:49:19 +0000",
      "lead": "2024-09-21 20:54:38 +0000",
      "stone_hoe": "2024-09-21 19:21:53 +0000",
      "iron_shovel": "2024-09-21 20:38:24 +0000",
      "diamond": "2024-09-21 19:41:53 +0000",
      "sugar_cane": "2024-09-21 19:53:47 +0000",
      "heart_of_the_sea": "2024-09-21 19:41:56 +0000",
      "cooked_salmon": "2024-09-21 19:41:56 +0000",
      "carrot": "2024-09-21 19:37:48 +0000"
    },
    "done": false
  },
  "minecraft:recipes/tools/wooden_shovel": {
    "criteria": {
      "has_stick": "2024-09-21 19:14:28 +0000"
    },
    "done": true
  },
  "minecraft:recipes/combat/wooden_sword": {
    "criteria": {
      "has_stick": "2024-09-21 19:14:28 +0000"
    },
    "done": true
  },
  "minecraft:story/root": {
    "criteria": {
      "crafting_table": "2024-09-21 19:14:28 +0000"
    },
    "done": true
  },
  "blazeandcave:bacap/building_milestone": {
    "criteria": {
      "a_good_start": "2024-09-21 20:33:46 +0000",
      "smooth_dude": "2024-09-21 21:31:15 +0000",
      "torched": "2024-09-21 19:28:56 +0000",
      "sharpening_station": "2024-09-21 21:20:12 +0000",
      "cut_in_half": "2024-09-21 19:42:45 +0000",
      "its_a_trap": "2024-09-21 20:55:21 +0000",
      "stationary_storage": "2024-09-21 19:28:49 +0000",
      "its_original_form": "2024-09-21 22:14:56 +0000",
      "blast_it": "2024-09-21 22:15:40 +0000",
      "sweet_dreams": "2024-09-21 19:22:01 +0000",
      "root": "2024-09-21 19:14:29 +0000",
      "ladder_climbers_inc": "2024-09-21 21:27:55 +0000",
      "change_of_sheets": "2024-09-21 19:33:15 +0000",
      "i_dont_like_sand": "2024-09-21 19:42:26 +0000",
      "stairs_no": "2024-09-21 19:42:46 +0000"
    },
    "done": false
  },
  "blazeandcave:challenges/stack_all_the_items": {
    "criteria": {
      "water_bucket": "2024-09-21 20:09:14 +0000",
      "golden_sword": "2024-09-21 19:18:24 +0000",
      "shield": "2024-09-21 19:18:48 +0000",
      "iron_hoe": "2024-09-21 19:46:26 +0000",
      "iron_chestplate": "2024-09-21 19:27:58 +0000",
      "stone_sword": "2024-09-21 19:15:33 +0000",
      "porkchop": "2024-09-21 20:18:50 +0000",
      "iron_axe": "2024-09-21 20:04:05 +0000",
      "spruce_boat": "2024-09-21 20:57:14 +0000",
      "iron_boots": "2024-09-21 20:04:23 +0000",
      "paper": "2024-09-21 20:07:44 +0000",
      "iron_sword": "2024-09-21 20:38:20 +0000",
      "iron_pickaxe": "2024-09-21 19:28:00 +0000",
      "stick": "2024-09-21 22:13:12 +0000",
      "stone_pickaxe": "2024-09-21 19:14:43 +0000",
      "iron_helmet": "2024-09-21 20:04:17 +0000",
      "golden_chestplate": "2024-09-21 19:35:16 +0000",
      "golden_shovel": "2024-09-21 19:18:22 +0000",
      "golden_axe": "2024-09-21 19:18:21 +0000",
      "potion": "2024-09-21 20:00:38 +0000",
      "suspicious_stew": "2024-09-21 19:37:51 +0000",
      "wooden_pickaxe": "2024-09-21 19:14:34 +0000",
      "diamond_pickaxe": "2024-09-21 20:48:28 +0000",
      "iron_leggings": "2024-09-21 20:04:10 +0000",
      "stone_hoe": "2024-09-21 19:21:53 +0000",
      "iron_shovel": "2024-09-21 20:38:24 +0000",
      "birch_boat": "2024-09-21 21:26:11 +0000",
      "golden_helmet": "2024-09-21 19:18:21 +0000",
      "leather_leggings": "2024-09-21 19:37:45 +0000",
      "oak_boat": "2024-09-21 19:33:23 +0000",
      "coal": "2024-09-21 20:32:26 +0000",
      "flint_and_steel": "2024-09-21 19:18:23 +0000",
      "leather_helmet": "2024-09-21 19:44:43 +0000",
      "stone_axe": "2024-09-21 19:14:45 +0000"
    },
    "done": false
  },
  "blazeandcave:bacap/time_to_mine": {
    "criteria": {
      "wooden_pickaxe": "2024-09-21 19:14:34 +0000"
    },
    "done": true
  },
  "blazeandcave:bacap/mining_milestone": {
    "criteria": {
      "diam_oh_wait_no": "2024-09-21 19:38:00 +0000",
      "diamonds": "2024-09-21 19:41:53 +0000",
      "acquire_hardware": "2024-09-21 19:18:44 +0000",
      "living_like_kings": "2024-09-21 19:18:31 +0000",
      "coal_miner": "2024-09-21 20:32:26 +0000",
      "iron_man": "2024-09-21 20:04:23 +0000",
      "hot_topic": "2024-09-21 19:25:41 +0000",
      "fossil_fuel": "2024-09-21 19:19:03 +0000",
      "not_chicken_mcnuggets": "2024-09-21 19:18:23 +0000",
      "iconic_merchandising_prop": "2024-09-21 20:48:28 +0000",
      "strike_a_light": "2024-09-21 22:55:21 +0000",
      "stone_age": "2024-09-21 19:14:38 +0000",
      "aww_it_broke": "2024-09-21 20:03:46 +0000",
      "meet_the_flintstones": "2024-09-21 19:35:17 +0000",
      "isnt_it_iron_pick": "2024-09-21 19:28:00 +0000",
      "ice_bucket_challenge": "2024-09-21 19:35:15 +0000",
      "gold_rush": "2024-09-21 19:18:31 +0000",
      "root": "2024-09-21 19:14:34 +0000",
      "heart_of_darkness": "2024-09-21 19:19:12 +0000",
      "suit_up": "2024-09-21 19:28:02 +0000",
      "getting_an_upgrade": "2024-09-21 19:14:44 +0000"
    },
    "done": false
  },
  "blazeandcave:mining/root": {
    "criteria": {
      "pickaxe": "2024-09-21 19:14:34 +0000"
    },
    "done": true
  },
  "minecraft:recipes/redstone/lever": {
    "criteria": {
      "has_cobblestone": "2024-09-21 19:14:37 +0000"
    },
    "done": true
  },
  "minecraft:recipes/combat/stone_sword": {
    "criteria": {
      "has_cobblestone": "2024-09-21 19:14:37 +0000"
    },
    "done": true
  },
  "minecraft:recipes/decorations/cobblestone_wall": {
    "criteria": {
      "has_cobblestone": "2024-09-21 19:14:37 +0000"
    },
    "done": true
  },
  "minecraft:recipes/tools/stone_axe": {
    "criteria": {
      "has_cobblestone": "2024-09-21 19:14:37 +0000"
    },
    "done": true
  },
  "minecraft:story/mine_stone": {
    "criteria": {
      "cobblestone": "2024-09-21 19:14:37 +0000"
    },
    "done": true
  },
  "minecraft:recipes/decorations/furnace": {
    "criteria": {
      "has_cobblestone": "2024-09-21 19:14:37 +0000"
    },
    "done": true
  },
  "minecraft:recipes/building_blocks/cobblestone_slab_from_cobblestone_stonecutting": {
    "criteria": {
      "has_cobblestone": "2024-09-21 19:14:37 +0000"
    },
    "done": true
  },
  "minecraft:recipes/building_blocks/stone": {
    "criteria": {
      "has_cobblestone": "2024-09-21 19:14:37 +0000"
    },
    "done": true
  },
  "blazeandcave:building/rock_collection": {
    "criteria": {
      "cobblestone": "2024-09-21 19:14:37 +0000",
      "andesite": "2024-09-21 20:46:04 +0000"
    },
    "done": false
  },
  "minecraft:recipes/tools/stone_pickaxe": {
    "criteria": {
      "has_cobblestone": "2024-09-21 19:14:37 +0000"
    },
    "done": true
  },
  "minecraft:recipes/building_blocks/cobblestone_slab": {
    "criteria": {
      "has_cobblestone": "2024-09-21 19:14:37 +0000"
    },
    "done": true
  },
  "minecraft:recipes/decorations/cobblestone_wall_from_cobblestone_stonecutting": {
    "criteria": {
      "has_cobblestone": "2024-09-21 19:14:37 +0000"
    },
    "done": true
  },
  "minecraft:recipes/building_blocks/cobblestone_stairs_from_cobblestone_stonecutting": {
    "criteria": {
      "has_cobblestone": "2024-09-21 19:14:37 +0000"
    },
    "done": true
  },
  "minecraft:recipes/building_blocks/cobblestone_stairs": {
    "criteria": {
      "has_cobblestone": "2024-09-21 19:14:37 +0000"
    },
    "done": true
  },
  "minecraft:recipes/tools/stone_hoe": {
    "criteria": {
      "has_cobblestone": "2024-09-21 19:14:37 +0000"
    },
    "done": true
  },
  "minecraft:recipes/tools/stone_shovel": {
    "criteria": {
      "has_cobblestone": "2024-09-21 19:14:37 +0000"
    },
    "done": true
  },
  "minecraft:recipes/decorations/torch": {
    "criteria": {
      "has_stone_pickaxe": "2024-09-21 19:14:43 +0000"
    },
    "done": true
  },
  "minecraft:story/upgrade_tools": {
    "criteria": {
      "stone_pickaxe": "2024-09-21 19:14:43 +0000"
    },
    "done": true
  },
  "blazeandcave:mining/moar_tools": {
    "criteria": {
      "stone_pickaxe": "2024-09-21 19:14:43 +0000",
      "stone_axe": "2024-09-21 19:14:45 +0000",
      "stone_hoe": "2024-09-21 19:21:53 +0000"
    },
    "done": false
  },
  "blazeandcave:bacap/time_to_chop": {
    "criteria": {
      "stone_axe": "2024-09-21 19:14:45 +0000"
    },
    "done": true
  },
  "blazeandcave:weaponry/root": {
    "criteria": {
      "sword": "2024-09-21 19:15:33 +0000"
    },
    "done": true
  },
  "blazeandcave:bacap/weaponry_milestone": {
    "criteria": {
      "root": "2024-09-21 19:15:33 +0000",
      "that_is_so_fletch": "2024-09-21 21:55:59 +0000",
      "shield_luck": "2024-09-21 19:57:02 +0000",
      "sir_knight": "2024-09-21 19:18:48 +0000",
      "loser": "2024-09-21 19:38:18 +0000",
      "viking": "2024-09-21 19:16:56 +0000"
    },
    "done": false
  },
  "blazeandcave:bacap/monsters_milestone": {
    "criteria": {
      "dead_dont_die": "2024-09-21 20:12:10 +0000",
      "root": "2024-09-21 19:15:33 +0000",
      "boned": "2024-09-21 20:30:22 +0000",
      "there_has_to_be_another_way": "2024-09-21 20:25:01 +0000",
      "spider_skeleton": "2024-09-21 20:12:11 +0000",
      "what_a_creep": "2024-09-21 22:33:50 +0000",
      "monster_hunter": "2024-09-21 19:57:08 +0000",
      "ew_ew_ew": "2024-09-21 20:12:13 +0000",
      "not_today_thank_you": "2024-09-21 19:57:02 +0000",
      "blast_shield": "2024-09-21 20:15:32 +0000",
      "spooky_skeleton": "2024-09-21 19:57:08 +0000"
    },
    "done": false
  },
  "blazeandcave:bacap/time_to_strike": {
    "criteria": {
      "stone_sword": "2024-09-21 19:15:33 +0000"
    },
    "done": true
  },
  "blazeandcave:monsters/root": {
    "criteria": {
      "sword": "2024-09-21 19:15:33 +0000"
    },
    "done": true
  },
  "blazeandcave:weaponry/viking": {
    "criteria": {
      "axe": "2024-09-21 19:16:55 +0000"
    },
    "done": true
  },
  "blazeandcave:weaponry/axeman": {
    "criteria": {
      "iron_axe": "2024-09-21 20:04:47 +0000",
      "stone_axe": "2024-09-21 19:16:55 +0000"
    },
    "done": false
  },
  "blazeandcave:weaponry/multiclassed": {
    "criteria": {
      "sword": "2024-09-21 19:16:56 +0000",
      "axe": "2024-09-21 19:16:55 +0000"
    },
    "done": false
  },
  "minecraft:recipes/food/cooked_porkchop_from_campfire_cooking": {
    "criteria": {
      "has_porkchop": "2024-09-21 19:16:55 +0000"
    },
    "done": true
  },
  "minecraft:recipes/food/cooked_porkchop": {
    "criteria": {
      "has_porkchop": "2024-09-21 19:16:55 +0000"
    },
    "done": true
  },
  "blazeandcave:biomes/root": {
    "criteria": {
      "killed_something": "2024-09-21 19:16:55 +0000"
    },
    "done": true
  },
  "minecraft:adventure/root": {
    "criteria": {
      "killed_something": "2024-09-21 19:16:55 +0000"
    },
    "done": true
  },
  "minecraft:recipes/food/cooked_porkchop_from_smoking": {
    "criteria": {
      "has_porkchop": "2024-09-21 19:16:55 +0000"
    },
    "done": true
  },
  "blazeandcave:animal/bacon": {
    "criteria": {
      "pig": "2024-09-21 19:16:55 +0000"
    },
    "done": true
  },
  "blazeandcave:bacap/biomes_milestone": {
    "criteria": {
      "atlantis": "2024-09-21 19:51:44 +0000",
      "theres_a_zombie_on_the_lawn": "2024-09-21 19:32:39 +0000",
      "for_you_my_sweet": "2024-09-21 19:32:37 +0000",
      "pushed_around": "2024-09-21 19:34:57 +0000",
      "boaty_mcboatface": "2024-09-21 19:33:34 +0000",
      "the_mighty_jungle": "2024-09-21 20:05:41 +0000",
      "kilometre_walk": "2024-09-21 19:40:50 +0000",
      "just_keep_swimming": "2024-09-21 19:33:34 +0000",
      "root": "2024-09-21 19:16:56 +0000",
      "tarzan": "2024-09-21 20:14:29 +0000",
      "the_sea_calls_you": "2024-09-21 19:33:40 +0000",
      "ahoy": "2024-09-21 19:37:32 +0000",
      "dolphin_dasher": "2024-09-21 19:51:04 +0000",
      "boatception": "2024-09-21 20:09:14 +0000"
    },
    "done": false
  },
  "blazeandcave:bacap/adventure_milestone": {
    "criteria": {
      "oh_look_it_dings": "2024-09-21 19:30:22 +0000",
      "good_lookin_treasure": "2024-09-21 19:42:37 +0000",
      "root": "2024-09-21 19:16:56 +0000",
      "do_you_want_to_trade": "2024-09-21 19:27:51 +0000",
      "what_a_deal": "2024-09-21 22:12:43 +0000",
      "now_youre_thinking_with_portals": "2024-09-21 19:18:06 +0000"
    },
    "done": false
  },
  "blazeandcave:bacap/animal_milestone": {
    "criteria": {
      "feeling_sheepish": "2024-09-21 19:26:40 +0000",
      "bacon": "2024-09-21 19:16:56 +0000",
      "delicious_fish": "2024-09-21 20:01:29 +0000",
      "wooly": "2024-09-21 19:17:12 +0000",
      "tickle_time": "2024-09-21 19:26:46 +0000",
      "root": "2024-09-21 19:26:40 +0000",
      "pig_slaughterer": "2024-09-21 20:18:50 +0000",
      "cow_tipper": "2024-09-21 19:24:45 +0000"
    },
    "done": false
  },
  "minecraft:recipes/food/cooked_mutton_from_smoking": {
    "criteria": {
      "has_mutton": "2024-09-21 19:17:11 +0000"
    },
    "done": true
  },
  "minecraft:recipes/decorations/painting": {
    "criteria": {
      "has_wool": "2024-09-21 19:17:11 +0000"
    },
    "done": true
  },
  "minecraft:recipes/decorations/chest": {
    "criteria": {
      "has_lots_of_items": "2024-09-21 19:17:11 +0000"
    },
    "done": true
  },
  "blazeandcave:animal/wooly": {
    "criteria": {
      "sheep": "2024-09-21 19:17:11 +0000"
    },
    "done": true
  },
  "blazeandcave:animal/rainbow_collection": {
    "criteria": {
      "white_wool": "2024-09-21 19:17:11 +0000",
      "black_wool": "2024-09-21 19:32:42 +0000",
      "yellow_wool": "2024-09-21 19:33:01 +0000",
      "brown_wool": "2024-09-21 19:32:46 +0000",
      "light_gray_wool": "2024-09-21 19:32:54 +0000"
    },
    "done": false
  },
  "blazeandcave:redstone/engineer": {
    "criteria": {
      "white_wool": "2024-09-21 19:17:11 +0000",
      "chest": "2024-09-21 19:28:47 +0000",
      "furnace": "2024-09-21 19:25:41 +0000",
      "string": "2024-09-21 20:12:17 +0000",
      "lectern": "2024-09-21 20:58:24 +0000",
      "oak_trapdoor": "2024-09-21 20:55:18 +0000",
      "cauldron": "2024-09-21 21:26:45 +0000",
      "bell": "2024-09-21 20:48:45 +0000"
    },
    "done": false
  },
  "minecraft:recipes/decorations/white_carpet": {
    "criteria": {
      "has_white_wool": "2024-09-21 19:17:11 +0000"
    },
    "done": true
  },
  "minecraft:recipes/food/cooked_mutton": {
    "criteria": {
      "has_mutton": "2024-09-21 19:17:11 +0000"
    },
    "done": true
  },
  "minecraft:recipes/decorations/white_banner": {
    "criteria": {
      "has_white_wool": "2024-09-21 19:17:11 +0000"
    },
    "done": true
  },
  "minecraft:recipes/food/cooked_mutton_from_campfire_cooking": {
    "criteria": {
      "has_mutton": "2024-09-21 19:17:11 +0000"
    },
    "done": true
  },
  "minecraft:recipes/decorations/white_bed": {
    "criteria": {
      "has_white_wool": "2024-09-21 19:17:11 +0000"
    },
    "done": true
  },
  "blazeandcave:adventure/raidin_master": {
    "criteria": {
      "shipwreck": "2024-09-21 19:37:31 +0000",
      "village_savanna": "2024-09-21 20:24:43 +0000",
      "ocean_ruin_cold": "2024-09-21 19:51:43 +0000",
      "village_plains": "2024-09-21 19:27:50 +0000",
      "ruined_portal": "2024-09-21 19:18:05 +0000"
    },
    "done": false
  },
  "blazeandcave:adventure/now_youre_thinking_with_portals": {
    "criteria": {
      "ruined_portal": "2024-09-21 19:18:05 +0000"
    },
    "done": true
  },
  "blazeandcave:challenges/i_am_loot": {
    "criteria": {
      "village_plains_house": "2024-09-21 19:28:12 +0000",
      "shipwreck_map": "2024-09-21 19:37:35 +0000",
      "village_mason": "2024-09-21 20:26:59 +0000",
      "shipwreck_supply": "2024-09-21 19:37:43 +0000",
      "village_cartographer": "2024-09-21 20:27:12 +0000",
      "shipwreck_treasure": "2024-09-21 19:37:55 +0000",
      "village_tannery": "2024-09-21 21:31:07 +0000",
      "village_weaponsmith": "2024-09-21 19:27:56 +0000",
      "ruined_portal": "2024-09-21 19:18:20 +0000"
    },
    "done": false
  },
  "blazeandcave:enchanting/master_enchanter": {
    "criteria": {
      "silk_touch": "2024-09-21 19:18:21 +0000",
      "aqua_affinity": "2024-09-21 19:44:43 +0000"
    },
    "done": false
  },
  "minecraft:recipes/misc/gold_nugget_from_smelting": {
    "criteria": {
      "has_golden_axe": "2024-09-21 19:18:21 +0000"
    },
    "done": true
  },
  "minecraft:recipes/misc/gold_nugget_from_blasting": {
    "criteria": {
      "has_golden_axe": "2024-09-21 19:18:21 +0000"
    },
    "done": true
  },
  "blazeandcave:enchanting/complete_enchanter": {
    "criteria": {
      "efficiency": "2024-09-21 19:18:22 +0000",
      "unbreaking": "2024-09-21 19:35:16 +0000",
      "silk_touch": "2024-09-21 19:18:21 +0000",
      "respiration": "2024-09-21 19:18:21 +0000",
      "protection": "2024-09-21 19:37:45 +0000",
      "sharpness": "2024-09-21 19:18:24 +0000",
      "aqua_affinity": "2024-09-21 19:44:43 +0000"
    },
    "done": false
  },
  "blazeandcave:challenges/ultimate_enchanter": {
    "criteria": {
      "respiration1": "2024-09-21 19:18:21 +0000",
      "protection1": "2024-09-21 19:37:45 +0000",
      "unbreaking1": "2024-09-21 19:35:16 +0000",
      "silk_touch": "2024-09-21 19:18:21 +0000",
      "sharpness4": "2024-09-21 19:18:24 +0000",
      "aqua_affinity": "2024-09-21 19:44:43 +0000",
      "efficiency3": "2024-09-21 19:18:22 +0000"
    },
    "done": false
  },
  "blazeandcave:enchanting/scuba_gear": {
    "criteria": {
      "respiration": "2024-09-21 19:18:21 +0000",
      "aqua_affinity": "2024-09-21 19:44:43 +0000"
    },
    "done": false
  },
  "blazeandcave:bacap/time_to_dig": {
    "criteria": {
      "golden_shovel": "2024-09-21 19:18:22 +0000"
    },
    "done": true
  },
  "minecraft:recipes/decorations/chain": {
    "criteria": {
      "has_iron_nugget": "2024-09-21 19:18:23 +0000"
    },
    "done": true
  },
  "minecraft:recipes/decorations/lantern": {
    "criteria": {
      "has_iron_nugget": "2024-09-21 19:18:23 +0000"
    },
    "done": true
  },
  "blazeandcave:mining/not_chicken_mcnuggets": {
    "criteria": {
      "iron_nugget": "2024-09-21 19:18:23 +0000"
    },
    "done": true
  },
  "minecraft:recipes/misc/iron_ingot_from_nuggets": {
    "criteria": {
      "has_iron_nugget": "2024-09-21 19:18:23 +0000"
    },
    "done": true
  },
  "minecraft:recipes/tools/golden_axe": {
    "criteria": {
      "has_gold_ingot": "2024-09-21 19:18:31 +0000"
    },
    "done": true
  },
  "minecraft:recipes/tools/golden_pickaxe": {
    "criteria": {
      "has_gold_ingot": "2024-09-21 19:18:31 +0000"
    },
    "done": true
  },
  "minecraft:recipes/misc/gold_nugget": {
    "criteria": {
      "has_gold_ingot": "2024-09-21 19:18:31 +0000"
    },
    "done": true
  },
  "minecraft:recipes/tools/golden_shovel": {
    "criteria": {
      "has_gold_ingot": "2024-09-21 19:18:31 +0000"
    },
    "done": true
  },
  "minecraft:recipes/food/golden_apple": {
    "criteria": {
      "has_gold_ingot": "2024-09-21 19:18:31 +0000"
    },
    "done": true
  },
  "minecraft:recipes/combat/golden_boots": {
    "criteria": {
      "has_gold_ingot": "2024-09-21 19:18:31 +0000"
    },
    "done": true
  },
  "blazeandcave:mining/living_like_kings": {
    "criteria": {
      "golden_helmet": "2024-09-21 19:18:31 +0000"
    },
    "done": true
  },
  "blazeandcave:mining/gold_rush": {
    "criteria": {
      "gold_ingot": "2024-09-21 19:18:31 +0000"
    },
    "done": true
  },
  "minecraft:recipes/combat/golden_helmet": {
    "criteria": {
      "has_gold_ingot": "2024-09-21 19:18:31 +0000"
    },
    "done": true
  },
  "minecraft:recipes/combat/golden_chestplate": {
    "criteria": {
      "has_gold_ingot": "2024-09-21 19:18:31 +0000"
    },
    "done": true
  },
  "minecraft:recipes/redstone/light_weighted_pressure_plate": {
    "criteria": {
      "has_gold_ingot": "2024-09-21 19:18:31 +0000"
    },
    "done": true
  },
  "minecraft:recipes/combat/golden_sword": {
    "criteria": {
      "has_gold_ingot": "2024-09-21 19:18:31 +0000"
    },
    "done": true
  },
  "minecraft:recipes/building_blocks/gold_block": {
    "criteria": {
      "has_gold_ingot": "2024-09-21 19:18:31 +0000"
    },
    "done": true
  },
  "minecraft:recipes/tools/golden_hoe": {
    "criteria": {
      "has_gold_ingot": "2024-09-21 19:18:31 +0000"
    },
    "done": true
  },
  "minecraft:recipes/combat/golden_leggings": {
    "criteria": {
      "has_gold_ingot": "2024-09-21 19:18:31 +0000"
    },
    "done": true
  },
  "minecraft:recipes/combat/iron_leggings": {
    "criteria": {
      "has_iron_ingot": "2024-09-21 19:18:44 +0000"
    },
    "done": true
  },
  "minecraft:recipes/combat/iron_chestplate": {
    "criteria": {
      "has_iron_ingot": "2024-09-21 19:18:44 +0000"
    },
    "done": true
  },
  "minecraft:recipes/misc/iron_nugget": {
    "criteria": {
      "has_iron_ingot": "2024-09-21 19:18:44 +0000"
    },
    "done": true
  },
  "minecraft:recipes/misc/bucket": {
    "criteria": {
      "has_iron_ingot": "2024-09-21 19:18:44 +0000"
    },
    "done": true
  },
  "minecraft:recipes/combat/iron_helmet": {
    "criteria": {
      "has_iron_ingot": "2024-09-21 19:18:44 +0000"
    },
    "done": true
  },
  "minecraft:recipes/transportation/minecart": {
    "criteria": {
      "has_iron_ingot": "2024-09-21 19:18:44 +0000"
    },
    "done": true
  },
  "minecraft:recipes/tools/iron_hoe": {
    "criteria": {
      "has_iron_ingot": "2024-09-21 19:18:44 +0000"
    },
    "done": true
  },
  "minecraft:story/smelt_iron": {
    "criteria": {
      "iron": "2024-09-21 19:18:44 +0000"
    },
    "done": true
  },
  "minecraft:recipes/tools/shears": {
    "criteria": {
      "has_iron_ingot": "2024-09-21 19:18:44 +0000"
    },
    "done": true
  },
  "minecraft:recipes/building_blocks/iron_block": {
    "criteria": {
      "has_iron_ingot": "2024-09-21 19:18:44 +0000"
    },
    "done": true
  },
  "minecraft:recipes/decorations/smithing_table": {
    "criteria": {
      "has_iron_ingot": "2024-09-21 19:18:44 +0000"
    },
    "done": true
  },
  "minecraft:recipes/combat/iron_sword": {
    "criteria": {
      "has_iron_ingot": "2024-09-21 19:18:44 +0000"
    },
    "done": true
  },
  "minecraft:recipes/tools/iron_pickaxe": {
    "criteria": {
      "has_iron_ingot": "2024-09-21 19:18:44 +0000"
    },
    "done": true
  },
  "minecraft:recipes/combat/shield": {
    "criteria": {
      "has_iron_ingot": "2024-09-21 19:18:44 +0000"
    },
    "done": true
  },
  "minecraft:recipes/redstone/hopper": {
    "criteria": {
      "has_iron_ingot": "2024-09-21 19:18:44 +0000"
    },
    "done": true
  },
  "minecraft:recipes/decorations/iron_bars": {
    "criteria": {
      "has_iron_ingot": "2024-09-21 19:18:44 +0000"
    },
    "done": true
  },
  "minecraft:recipes/combat/iron_boots": {
    "criteria": {
      "has_iron_ingot": "2024-09-21 19:18:44 +0000"
    },
    "done": true
  },
  "minecraft:recipes/tools/iron_shovel": {
    "criteria": {
      "has_iron_ingot": "2024-09-21 19:18:44 +0000"
    },
    "done": true
  },
  "minecraft:recipes/redstone/iron_trapdoor": {
    "criteria": {
      "has_iron_ingot": "2024-09-21 19:18:44 +0000"
    },
    "done": true
  },
  "minecraft:recipes/tools/iron_axe": {
    "criteria": {
      "has_iron_ingot": "2024-09-21 19:18:44 +0000"
    },
    "done": true
  },
  "minecraft:recipes/combat/crossbow": {
    "criteria": {
      "has_iron_ingot": "2024-09-21 19:18:44 +0000"
    },
    "done": true
  },
  "minecraft:recipes/redstone/iron_door": {
    "criteria": {
      "has_iron_ingot": "2024-09-21 19:18:44 +0000"
    },
    "done": true
  },
  "minecraft:recipes/redstone/heavy_weighted_pressure_plate": {
    "criteria": {
      "has_iron_ingot": "2024-09-21 19:18:44 +0000"
    },
    "done": true
  },
  "blazeandcave:weaponry/sir_knight": {
    "criteria": {
      "shield": "2024-09-21 19:18:48 +0000"
    },
    "done": true
  },
  "blazeandcave:mining/fossil_fuel": {
    "criteria": {
      "coal": "2024-09-21 19:19:03 +0000"
    },
    "done": true
  },
  "minecraft:recipes/building_blocks/coal_block": {
    "criteria": {
      "has_coal": "2024-09-21 19:19:03 +0000"
    },
    "done": true
  },
  "blazeandcave:mining/heart_of_darkness": {
    "criteria": {
      "enter_cave": "2024-09-21 19:19:11 +0000"
    },
    "done": true
  },
  "minecraft:recipes/building_blocks/raw_iron_block": {
    "criteria": {
      "has_raw_iron": "2024-09-21 19:20:53 +0000"
    },
    "done": true
  },
  "minecraft:recipes/misc/iron_ingot_from_smelting_raw_iron": {
    "criteria": {
      "has_raw_iron": "2024-09-21 19:20:53 +0000"
    },
    "done": true
  },
  "minecraft:recipes/misc/iron_ingot_from_blasting_raw_iron": {
    "criteria": {
      "has_raw_iron": "2024-09-21 19:20:53 +0000"
    },
    "done": true
  },
  "blazeandcave:bacap/time_to_farm": {
    "criteria": {
      "stone_hoe": "2024-09-21 19:21:53 +0000"
    },
    "done": true
  },
  "blazeandcave:bacap/farming_milestone": {
    "criteria": {
      "full_stomach": "2024-09-21 19:44:54 +0000",
      "kelp_me": "2024-09-21 19:49:19 +0000",
      "suspicious_looking_stew": "2024-09-21 19:38:15 +0000",
      "hay_there": "2024-09-21 20:26:23 +0000",
      "bake_bread": "2024-09-21 19:27:59 +0000",
      "root": "2024-09-21 19:21:53 +0000",
      "sugar_sugar": "2024-09-21 19:53:47 +0000",
      "care_for_the_environment": "2024-09-21 19:31:35 +0000",
      "one_course_meal": "2024-09-21 20:31:10 +0000"
    },
    "done": false
  },
  "blazeandcave:farming/root": {
    "criteria": {
      "hoe": "2024-09-21 19:21:53 +0000"
    },
    "done": true
  },
  "blazeandcave:building/rainbow_dreams": {
    "criteria": {
      "white_bed": "2024-09-21 19:21:57 +0000",
      "yellow_bed": "2024-09-21 19:33:15 +0000"
    },
    "done": false
  },
  "blazeandcave:challenges/stack_all_the_blocks": {
    "criteria": {
      "cobblestone": "2024-09-21 20:43:10 +0000",
      "spruce_slab": "2024-09-21 21:57:13 +0000",
      "spruce_planks": "2024-09-21 21:57:11 +0000",
      "dirt": "2024-09-21 20:39:15 +0000",
      "hay_block": "2024-09-21 20:26:22 +0000",
      "white_bed": "2024-09-21 19:21:57 +0000",
      "spruce_log": "2024-09-21 20:33:46 +0000",
      "yellow_bed": "2024-09-21 19:33:15 +0000"
    },
    "done": false
  },
  "minecraft:adventure/sleep_in_bed": {
    "criteria": {
      "slept_in_bed": "2024-09-21 19:22:01 +0000"
    },
    "done": true
  },
  "blazeandcave:statistics/the_first_night": {
    "criteria": {
      "trigger": "2024-09-21 19:22:09 +0000"
    },
    "done": true
  },
  "blazeandcave:bacap/statistics_milestone": {
    "criteria": {
      "sneaky_snitch": "2024-09-21 19:23:32 +0000",
      "loot_em": "2024-09-21 19:42:31 +0000",
      "luxury_cruise": "2024-09-21 19:38:33 +0000",
      "level_up": "2024-09-21 22:33:51 +0000",
      "root": "2024-09-21 19:22:11 +0000",
      "spring_in_your_step": "2024-09-21 20:05:00 +0000",
      "the_first_night": "2024-09-21 19:22:10 +0000"
    },
    "done": false
  },
  "blazeandcave:statistics/root": {
    "criteria": {
      "the_first_night": "2024-09-21 19:22:10 +0000"
    },
    "done": true
  },
  "blazeandcave:technical/stat_branch2_mid": {
    "criteria": {
      "root": "2024-09-21 19:22:11 +0000"
    },
    "done": true
  },
  "blazeandcave:technical/stat_branch4_mid": {
    "criteria": {
      "root": "2024-09-21 19:22:11 +0000"
    },
    "done": true
  },
  "blazeandcave:technical/stat_branch6_mid": {
    "criteria": {
      "root": "2024-09-21 19:22:11 +0000"
    },
    "done": true
  },
  "blazeandcave:technical/stat_branch8_mid": {
    "criteria": {
      "root": "2024-09-21 19:22:11 +0000"
    },
    "done": true
  },
  "blazeandcave:technical/stat_branch1_mid": {
    "criteria": {
      "root": "2024-09-21 19:22:11 +0000"
    },
    "done": true
  },
  "blazeandcave:technical/stat_branch3_mid": {
    "criteria": {
      "root": "2024-09-21 19:22:11 +0000"
    },
    "done": true
  },
  "blazeandcave:technical/stat_branch5_mid": {
    "criteria": {
      "root": "2024-09-21 19:22:11 +0000"
    },
    "done": true
  },
  "blazeandcave:technical/stat_branch7_mid": {
    "criteria": {
      "root": "2024-09-21 19:22:11 +0000"
    },
    "done": true
  },
  "blazeandcave:technical/stat_branch9_mid": {
    "criteria": {
      "root": "2024-09-21 19:22:11 +0000"
    },
    "done": true
  },
  "blazeandcave:statistics/sneaky_snitch": {
    "criteria": {
      "trigger": "2024-09-21 19:23:31 +0000"
    },
    "done": true
  },
  "minecraft:recipes/food/cooked_beef_from_smoking": {
    "criteria": {
      "has_beef": "2024-09-21 19:24:41 +0000"
    },
    "done": true
  },
  "minecraft:recipes/food/cooked_beef": {
    "criteria": {
      "has_beef": "2024-09-21 19:24:41 +0000"
    },
    "done": true
  },
  "minecraft:recipes/food/cooked_beef_from_campfire_cooking": {
    "criteria": {
      "has_beef": "2024-09-21 19:24:41 +0000"
    },
    "done": true
  },
  "minecraft:recipes/combat/leather_helmet": {
    "criteria": {
      "has_leather": "2024-09-21 19:24:44 +0000"
    },
    "done": true
  },
  "minecraft:recipes/combat/leather_leggings": {
    "criteria": {
      "has_leather": "2024-09-21 19:24:44 +0000"
    },
    "done": true
  },
  "blazeandcave:animal/cow_tipper": {
    "criteria": {
      "leather": "2024-09-21 19:24:44 +0000"
    },
    "done": true
  },
  "minecraft:recipes/combat/leather_chestplate": {
    "criteria": {
      "has_leather": "2024-09-21 19:24:44 +0000"
    },
    "done": true
  },
  "minecraft:recipes/misc/leather_horse_armor": {
    "criteria": {
      "has_leather": "2024-09-21 19:24:44 +0000"
    },
    "done": true
  },
  "minecraft:recipes/decorations/item_frame": {
    "criteria": {
      "has_leather": "2024-09-21 19:24:44 +0000"
    },
    "done": true
  },
  "minecraft:recipes/combat/leather_boots": {
    "criteria": {
      "has_leather": "2024-09-21 19:24:44 +0000"
    },
    "done": true
  },
  "minecraft:recipes/decorations/smoker": {
    "criteria": {
      "has_furnace": "2024-09-21 19:25:41 +0000"
    },
    "done": true
  },
  "blazeandcave:mining/hot_topic": {
    "criteria": {
      "furnace": "2024-09-21 19:25:41 +0000"
    },
    "done": true
  },
  "blazeandcave:animal/feeling_sheepish": {
    "criteria": {
      "cooked_mutton": "2024-09-21 19:26:40 +0000"
    },
    "done": true
  },
  "minecraft:husbandry/root": {
    "criteria": {
      "consumed_item": "2024-09-21 19:26:40 +0000"
    },
    "done": true
  },
  "blazeandcave:farming/meat_lovers": {
    "criteria": {
      "cooked_mutton": "2024-09-21 19:26:40 +0000",
      "cooked_cod": "2024-09-21 20:22:24 +0000",
      "cooked_salmon": "2024-09-21 20:01:29 +0000"
    },
    "done": false
  },
  "minecraft:husbandry/balanced_diet": {
    "criteria": {
      "bread": "2024-09-21 20:28:23 +0000",
      "suspicious_stew": "2024-09-21 19:38:15 +0000",
      "cooked_mutton": "2024-09-21 19:26:40 +0000",
      "cooked_cod": "2024-09-21 20:22:24 +0000",
      "cooked_salmon": "2024-09-21 20:01:29 +0000"
    },
    "done": false
  },
  "minecraft:recipes/food/cooked_chicken_from_campfire_cooking": {
    "criteria": {
      "has_chicken": "2024-09-21 19:26:46 +0000"
    },
    "done": true
  },
  "blazeandcave:animal/tickle_time": {
    "criteria": {
      "feather": "2024-09-21 19:26:46 +0000"
    },
    "done": true
  },
  "minecraft:recipes/food/cooked_chicken": {
    "criteria": {
      "has_chicken": "2024-09-21 19:26:46 +0000"
    },
    "done": true
  },
  "minecraft:recipes/combat/arrow": {
    "criteria": {
      "has_feather": "2024-09-21 19:26:46 +0000"
    },
    "done": true
  },
  "minecraft:recipes/food/cooked_chicken_from_smoking": {
    "criteria": {
      "has_chicken": "2024-09-21 19:26:46 +0000"
    },
    "done": true
  },
  "blazeandcave:adventure/do_you_want_to_trade": {
    "criteria": {
      "village": "2024-09-21 19:27:50 +0000"
    },
    "done": true
  },
  "blazeandcave:biomes/wet_feet": {
    "criteria": {
      "ocean": "2024-09-21 19:33:40 +0000",
      "lukewarm_ocean": "2024-09-21 20:06:10 +0000",
      "beach": "2024-09-21 19:33:35 +0000",
      "river": "2024-09-21 19:27:51 +0000",
      "cold_ocean": "2024-09-21 19:42:07 +0000",
      "deep_ocean": "2024-09-21 19:50:44 +0000"
    },
    "done": false
  },
  "blazeandcave:redstone/under_pressure": {
    "criteria": {
      "oak_pressure_plate": "2024-09-21 19:27:55 +0000"
    },
    "done": true
  },
  "blazeandcave:bacap/redstone_milestone": {
    "criteria": {
      "under_pressure": "2024-09-21 19:27:56 +0000"
    },
    "done": false
  },
  "minecraft:recipes/misc/iron_nugget_from_smelting": {
    "criteria": {
      "has_iron_chestplate": "2024-09-21 19:27:58 +0000"
    },
    "done": true
  },
  "minecraft:recipes/misc/iron_nugget_from_blasting": {
    "criteria": {
      "has_iron_chestplate": "2024-09-21 19:27:58 +0000"
    },
    "done": true
  },
  "blazeandcave:farming/bake_bread": {
    "criteria": {
      "bread": "2024-09-21 19:27:59 +0000"
    },
    "done": true
  },
  "minecraft:story/iron_tools": {
    "criteria": {
      "iron_pickaxe": "2024-09-21 19:28:00 +0000"
    },
    "done": true
  },
  "minecraft:story/obtain_armor": {
    "criteria": {
      "iron_chestplate": "2024-09-21 19:28:02 +0000"
    },
    "done": true
  },
  "minecraft:recipes/building_blocks/emerald_block": {
    "criteria": {
      "has_emerald": "2024-09-21 19:28:15 +0000"
    },
    "done": true
  },
  "blazeandcave:building/stationary_storage": {
    "criteria": {
      "chest": "2024-09-21 19:28:49 +0000"
    },
    "done": true
  },
  "blazeandcave:building/torched": {
    "criteria": {
      "torch": "2024-09-21 19:28:56 +0000"
    },
    "done": true
  },
  "blazeandcave:adventure/oh_look_it_dings": {
    "criteria": {
      "bell": "2024-09-21 19:30:21 +0000"
    },
    "done": true
  },
  "minecraft:recipes/building_blocks/oak_planks": {
    "criteria": {
      "has_logs": "2024-09-21 19:31:23 +0000"
    },
    "done": true
  },
  "blazeandcave:building/professor_oak": {
    "criteria": {
      "oak_stairs": "2024-09-21 20:57:38 +0000",
      "oak_log": "2024-09-21 19:31:23 +0000",
      "oak_planks": "2024-09-21 19:32:24 +0000",
      "oak_trapdoor": "2024-09-21 20:55:18 +0000",
      "oak_boat": "2024-09-21 19:33:23 +0000",
      "oak_fence": "2024-09-21 20:47:53 +0000"
    },
    "done": false
  },
  "minecraft:recipes/building_blocks/oak_wood": {
    "criteria": {
      "has_log": "2024-09-21 19:31:23 +0000"
    },
    "done": true
  },
  "blazeandcave:farming/care_for_the_environment": {
    "criteria": {
      "oak_sapling": "2024-09-21 19:31:35 +0000"
    },
    "done": true
  },
  "blazeandcave:farming/ecologist": {
    "criteria": {
      "spruce_sapling": "2024-09-21 20:31:07 +0000",
      "oak_sapling": "2024-09-21 19:31:35 +0000"
    },
    "done": false
  },
  "minecraft:recipes/decorations/oak_sign": {
    "criteria": {
      "has_planks": "2024-09-21 19:32:24 +0000"
    },
    "done": true
  },
  "minecraft:recipes/redstone/oak_trapdoor": {
    "criteria": {
      "has_planks": "2024-09-21 19:32:24 +0000"
    },
    "done": true
  },
  "minecraft:recipes/building_blocks/oak_stairs": {
    "criteria": {
      "has_planks": "2024-09-21 19:32:24 +0000"
    },
    "done": true
  },
  "minecraft:recipes/decorations/oak_fence": {
    "criteria": {
      "has_planks": "2024-09-21 19:32:24 +0000"
    },
    "done": true
  },
  "minecraft:recipes/redstone/oak_button": {
    "criteria": {
      "has_planks": "2024-09-21 19:32:24 +0000"
    },
    "done": true
  },
  "minecraft:recipes/building_blocks/oak_slab": {
    "criteria": {
      "has_planks": "2024-09-21 19:32:24 +0000"
    },
    "done": true
  },
  "minecraft:recipes/redstone/oak_fence_gate": {
    "criteria": {
      "has_planks": "2024-09-21 19:32:24 +0000"
    },
    "done": true
  },
  "minecraft:recipes/redstone/oak_pressure_plate": {
    "criteria": {
      "has_planks": "2024-09-21 19:32:24 +0000"
    },
    "done": true
  },
  "minecraft:recipes/redstone/oak_door": {
    "criteria": {
      "has_planks": "2024-09-21 19:32:24 +0000"
    },
    "done": true
  },
  "minecraft:recipes/misc/red_dye_from_poppy": {
    "criteria": {
      "has_poppy": "2024-09-21 19:32:37 +0000"
    },
    "done": true
  },
  "minecraft:recipes/misc/yellow_dye_from_sunflower": {
    "criteria": {
      "has_sunflower": "2024-09-21 19:32:37 +0000"
    },
    "done": true
  },
  "blazeandcave:biomes/flower_power": {
    "criteria": {
      "poppy": "2024-09-21 19:32:37 +0000",
      "azure_bluet": "2024-09-21 20:51:08 +0000",
      "sunflower": "2024-09-21 19:32:37 +0000",
      "oxeye_daisy": "2024-09-21 20:44:56 +0000",
      "dandelion": "2024-09-21 20:44:38 +0000"
    },
    "done": false
  },
  "blazeandcave:biomes/for_you_my_sweet": {
    "criteria": {
      "sunflower": "2024-09-21 19:32:37 +0000"
    },
    "done": true
  },
  "blazeandcave:biomes/theres_a_zombie_on_the_lawn": {
    "criteria": {
      "sunflower_plains": "2024-09-21 19:32:38 +0000"
    },
    "done": true
  },
  "minecraft:recipes/decorations/black_carpet": {
    "criteria": {
      "has_black_wool": "2024-09-21 19:32:42 +0000"
    },
    "done": true
  },
  "minecraft:recipes/decorations/black_banner": {
    "criteria": {
      "has_black_wool": "2024-09-21 19:32:42 +0000"
    },
    "done": true
  },
  "minecraft:recipes/decorations/black_bed": {
    "criteria": {
      "has_black_wool": "2024-09-21 19:32:42 +0000"
    },
    "done": true
  },
  "minecraft:recipes/decorations/brown_banner": {
    "criteria": {
      "has_brown_wool": "2024-09-21 19:32:46 +0000"
    },
    "done": true
  },
  "minecraft:recipes/decorations/brown_bed": {
    "criteria": {
      "has_brown_wool": "2024-09-21 19:32:46 +0000"
    },
    "done": true
  },
  "minecraft:recipes/decorations/brown_carpet": {
    "criteria": {
      "has_brown_wool": "2024-09-21 19:32:46 +0000"
    },
    "done": true
  },
  "minecraft:recipes/decorations/light_gray_bed": {
    "criteria": {
      "has_light_gray_wool": "2024-09-21 19:32:54 +0000"
    },
    "done": true
  },
  "minecraft:recipes/decorations/light_gray_banner": {
    "criteria": {
      "has_light_gray_wool": "2024-09-21 19:32:54 +0000"
    },
    "done": true
  },
  "minecraft:recipes/decorations/light_gray_carpet": {
    "criteria": {
      "has_light_gray_wool": "2024-09-21 19:32:54 +0000"
    },
    "done": true
  },
  "minecraft:recipes/decorations/yellow_candle": {
    "criteria": {
      "has_yellow_dye": "2024-09-21 19:32:57 +0000"
    },
    "done": true
  },
  "minecraft:recipes/building_blocks/dye_yellow_wool": {
    "criteria": {
      "has_needed_dye": "2024-09-21 19:32:57 +0000"
    },
    "done": true
  },
  "minecraft:recipes/misc/orange_dye_from_red_yellow": {
    "criteria": {
      "has_yellow_dye": "2024-09-21 19:32:57 +0000"
    },
    "done": true
  },
  "minecraft:recipes/building_blocks/dye_yellow_carpet": {
    "criteria": {
      "has_needed_dye": "2024-09-21 19:32:57 +0000"
    },
    "done": true
  },
  "minecraft:recipes/decorations/yellow_stained_glass_pane_from_glass_pane": {
    "criteria": {
      "has_yellow_dye": "2024-09-21 19:32:57 +0000"
    },
    "done": true
  },
  "minecraft:recipes/building_blocks/dye_yellow_bed": {
    "criteria": {
      "has_needed_dye": "2024-09-21 19:32:57 +0000"
    },
    "done": true
  },
  "minecraft:recipes/decorations/yellow_bed": {
    "criteria": {
      "has_yellow_wool": "2024-09-21 19:33:01 +0000"
    },
    "done": true
  },
  "minecraft:recipes/decorations/yellow_banner": {
    "criteria": {
      "has_yellow_wool": "2024-09-21 19:33:01 +0000"
    },
    "done": true
  },
  "minecraft:recipes/decorations/yellow_carpet": {
    "criteria": {
      "has_yellow_wool": "2024-09-21 19:33:01 +0000"
    },
    "done": true
  },
  "blazeandcave:building/change_of_sheets": {
    "criteria": {
      "yellow_bed": "2024-09-21 19:33:15 +0000"
    },
    "done": true
  },
  "minecraft:recipes/transportation/spruce_chest_boat": {
    "criteria": {
      "has_boat": "2024-09-21 19:33:23 +0000"
    },
    "done": true
  },
  "minecraft:recipes/transportation/jungle_chest_boat": {
    "criteria": {
      "has_boat": "2024-09-21 19:33:23 +0000"
    },
    "done": true
  },
  "minecraft:recipes/transportation/acacia_chest_boat": {
    "criteria": {
      "has_boat": "2024-09-21 19:33:23 +0000"
    },
    "done": true
  },
  "minecraft:recipes/transportation/mangrove_chest_boat": {
    "criteria": {
      "has_boat": "2024-09-21 19:33:23 +0000"
    },
    "done": true
  },
  "minecraft:recipes/transportation/oak_chest_boat": {
    "criteria": {
      "has_boat": "2024-09-21 19:33:23 +0000"
    },
    "done": true
  },
  "minecraft:recipes/transportation/cherry_chest_boat": {
    "criteria": {
      "has_boat": "2024-09-21 19:33:23 +0000"
    },
    "done": true
  },
  "minecraft:recipes/transportation/birch_chest_boat": {
    "criteria": {
      "has_boat": "2024-09-21 19:33:23 +0000"
    },
    "done": true
  },
  "minecraft:recipes/transportation/oak_boat": {
    "criteria": {
      "has_the_recipe": "2024-09-21 19:33:23 +0000"
    },
    "done": true
  },
  "minecraft:recipes/transportation/dark_oak_chest_boat": {
    "criteria": {
      "has_boat": "2024-09-21 19:33:23 +0000"
    },
    "done": true
  },
  "minecraft:recipes/transportation/bamboo_chest_raft": {
    "criteria": {
      "has_boat": "2024-09-21 19:33:23 +0000"
    },
    "done": true
  },
  "minecraft:recipes/transportation/cherry_boat": {
    "criteria": {
      "in_water": "2024-09-21 19:33:34 +0000"
    },
    "done": true
  },
  "minecraft:recipes/transportation/bamboo_raft": {
    "criteria": {
      "in_water": "2024-09-21 19:33:34 +0000"
    },
    "done": true
  },
  "minecraft:recipes/transportation/spruce_boat": {
    "criteria": {
      "in_water": "2024-09-21 19:33:34 +0000"
    },
    "done": true
  },
  "minecraft:recipes/transportation/birch_boat": {
    "criteria": {
      "in_water": "2024-09-21 19:33:34 +0000"
    },
    "done": true
  },
  "minecraft:recipes/transportation/mangrove_boat": {
    "criteria": {
      "in_water": "2024-09-21 19:33:34 +0000"
    },
    "done": true
  },
  "blazeandcave:biomes/boaty_mcboatface": {
    "criteria": {
      "boat": "2024-09-21 19:33:34 +0000"
    },
    "done": true
  },
  "blazeandcave:biomes/just_keep_swimming": {
    "criteria": {
      "enter_water": "2024-09-21 19:33:34 +0000"
    },
    "done": true
  },
  "blazeandcave:technical/fail_dragon_vs": {
    "criteria": {
      "enter_water": "2024-09-21 19:33:34 +0000"
    },
    "done": true
  },
  "minecraft:recipes/transportation/acacia_boat": {
    "criteria": {
      "in_water": "2024-09-21 19:33:34 +0000"
    },
    "done": true
  },
  "minecraft:recipes/transportation/jungle_boat": {
    "criteria": {
      "in_water": "2024-09-21 19:33:34 +0000"
    },
    "done": true
  },
  "minecraft:recipes/transportation/dark_oak_boat": {
    "criteria": {
      "in_water": "2024-09-21 19:33:34 +0000"
    },
    "done": true
  },
  "blazeandcave:biomes/the_sea_calls_you": {
    "criteria": {
      "ocean": "2024-09-21 19:33:40 +0000"
    },
    "done": true
  },
  "blazeandcave:biomes/pushed_around": {
    "criteria": {
      "enter_water": "2024-09-21 19:34:57 +0000"
    },
    "done": true
  },
  "minecraft:recipes/misc/gold_ingot_from_gold_block": {
    "criteria": {
      "has_gold_block": "2024-09-21 19:35:09 +0000"
    },
    "done": true
  },
  "blazeandcave:mining/mineral_collection": {
    "criteria": {
      "gold_block": "2024-09-21 19:35:09 +0000"
    },
    "done": false
  },
  "minecraft:recipes/tools/flint_and_steel": {
    "criteria": {
      "has_obsidian": "2024-09-21 19:35:15 +0000"
    },
    "done": true
  },
  "minecraft:story/form_obsidian": {
    "criteria": {
      "obsidian": "2024-09-21 19:35:15 +0000"
    },
    "done": true
  },
  "minecraft:recipes/decorations/enchanting_table": {
    "criteria": {
      "has_obsidian": "2024-09-21 19:35:15 +0000"
    },
    "done": true
  },
  "minecraft:recipes/decorations/fletching_table": {
    "criteria": {
      "has_flint": "2024-09-21 19:35:17 +0000"
    },
    "done": true
  },
  "blazeandcave:mining/meet_the_flintstones": {
    "criteria": {
      "flint": "2024-09-21 19:35:17 +0000"
    },
    "done": true
  },
  "minecraft:recipes/misc/conduit": {
    "criteria": {
      "has_nautilus_shell": "2024-09-21 19:37:31 +0000"
    },
    "done": true
  },
  "blazeandcave:biomes/ahoy": {
    "criteria": {
      "shipwreck": "2024-09-21 19:37:31 +0000"
    },
    "done": true
  },
  "minecraft:recipes/misc/book": {
    "criteria": {
      "has_paper": "2024-09-21 19:37:37 +0000"
    },
    "done": true
  },
  "minecraft:recipes/decorations/cartography_table": {
    "criteria": {
      "has_paper": "2024-09-21 19:37:37 +0000"
    },
    "done": true
  },
  "minecraft:recipes/building_blocks/bookshelf": {
    "criteria": {
      "has_book": "2024-09-21 19:37:38 +0000"
    },
    "done": true
  },
  "minecraft:recipes/redstone/lectern": {
    "criteria": {
      "has_book": "2024-09-21 19:37:38 +0000"
    },
    "done": true
  },
  "minecraft:recipes/building_blocks/chiseled_bookshelf": {
    "criteria": {
      "has_book": "2024-09-21 19:37:38 +0000"
    },
    "done": true
  },
  "minecraft:recipes/misc/writable_book": {
    "criteria": {
      "has_book": "2024-09-21 19:37:38 +0000"
    },
    "done": true
  },
  "blazeandcave:enchanting/armor_for_the_masses": {
    "criteria": {
      "protection": "2024-09-21 19:37:45 +0000"
    },
    "done": false
  },
  "minecraft:recipes/transportation/carrot_on_a_stick": {
    "criteria": {
      "has_carrot": "2024-09-21 19:37:48 +0000"
    },
    "done": true
  },
  "blazeandcave:farming/a_gluttonous_diet": {
    "criteria": {
      "suspicious_stew": "2024-09-21 19:37:51 +0000",
      "porkchop": "2024-09-21 20:18:50 +0000"
    },
    "done": false
  },
  "minecraft:recipes/misc/blue_dye": {
    "criteria": {
      "has_lapis_lazuli": "2024-09-21 19:38:00 +0000"
    },
    "done": true
  },
  "minecraft:recipes/building_blocks/lapis_block": {
    "criteria": {
      "has_lapis_lazuli": "2024-09-21 19:38:00 +0000"
    },
    "done": true
  },
  "blazeandcave:mining/diam_oh_wait_no": {
    "criteria": {
      "coal": "2024-09-21 19:38:00 +0000"
    },
    "done": true
  },
  "blazeandcave:farming/suspicious_looking_stew": {
    "criteria": {
      "suspicious_stew": "2024-09-21 19:38:15 +0000"
    },
    "done": true
  },
  "blazeandcave:farming/vegetarian": {
    "criteria": {
      "bread": "2024-09-21 20:28:23 +0000",
      "suspicious_stew": "2024-09-21 19:38:15 +0000"
    },
    "done": false
  },
  "minecraft:recipes/food/mushroom_stew": {
    "criteria": {
      "has_bowl": "2024-09-21 19:38:15 +0000"
    },
    "done": true
  },
  "blazeandcave:potion/a_much_more_doable_challenge": {
    "criteria": {
      "saturation": "2024-09-21 19:44:52 +0000",
      "poison": "2024-09-21 19:38:15 +0000",
      "water_breathing": "2024-09-21 20:02:33 +0000",
      "dolphins_grace": "2024-09-21 19:51:04 +0000"
    },
    "done": false
  },
  "blazeandcave:weaponry/loser": {
    "criteria": {
      "trigger": "2024-09-21 19:38:17 +0000"
    },
    "done": true
  },
  "blazeandcave:statistics/luxury_cruise": {
    "criteria": {
      "trigger": "2024-09-21 19:38:32 +0000"
    },
    "done": true
  },
  "blazeandcave:challenges/death_from_all": {
    "criteria": {
      "skeleton": "2024-09-21 19:39:13 +0000",
      "zombie": "2024-09-21 19:57:14 +0000",
      "zombie_villager": "2024-09-21 20:24:58 +0000",
      "spider": "2024-09-21 22:52:52 +0000"
    },
    "done": false
  },
  "blazeandcave:biomes/kilometre_walk": {
    "criteria": {
      "outer_pos_x": "2024-09-21 19:40:49 +0000"
    },
    "done": true
  },
  "minecraft:recipes/building_blocks/coarse_dirt": {
    "criteria": {
      "has_gravel": "2024-09-21 19:41:51 +0000"
    },
    "done": true
  },
  "minecraft:recipes/building_blocks/light_gray_concrete_powder": {
    "criteria": {
      "has_gravel": "2024-09-21 19:41:51 +0000"
    },
    "done": true
  },
  "minecraft:recipes/building_blocks/pink_concrete_powder": {
    "criteria": {
      "has_gravel": "2024-09-21 19:41:51 +0000"
    },
    "done": true
  },
  "minecraft:recipes/building_blocks/red_concrete_powder": {
    "criteria": {
      "has_gravel": "2024-09-21 19:41:51 +0000"
    },
    "done": true
  },
  "minecraft:recipes/building_blocks/brown_concrete_powder": {
    "criteria": {
      "has_gravel": "2024-09-21 19:41:51 +0000"
    },
    "done": true
  },
  "minecraft:recipes/building_blocks/light_blue_concrete_powder": {
    "criteria": {
      "has_gravel": "2024-09-21 19:41:51 +0000"
    },
    "done": true
  },
  "minecraft:recipes/building_blocks/green_concrete_powder": {
    "criteria": {
      "has_gravel": "2024-09-21 19:41:51 +0000"
    },
    "done": true
  },
  "minecraft:recipes/building_blocks/blue_concrete_powder": {
    "criteria": {
      "has_gravel": "2024-09-21 19:41:51 +0000"
    },
    "done": true
  },
  "minecraft:recipes/building_blocks/white_concrete_powder": {
    "criteria": {
      "has_gravel": "2024-09-21 19:41:51 +0000"
    },
    "done": true
  },
  "minecraft:recipes/building_blocks/lime_concrete_powder": {
    "criteria": {
      "has_gravel": "2024-09-21 19:41:51 +0000"
    },
    "done": true
  },
  "minecraft:recipes/building_blocks/orange_concrete_powder": {
    "criteria": {
      "has_gravel": "2024-09-21 19:41:51 +0000"
    },
    "done": true
  },
  "minecraft:recipes/building_blocks/magenta_concrete_powder": {
    "criteria": {
      "has_gravel": "2024-09-21 19:41:51 +0000"
    },
    "done": true
  },
  "minecraft:recipes/building_blocks/yellow_concrete_powder": {
    "criteria": {
      "has_gravel": "2024-09-21 19:41:51 +0000"
    },
    "done": true
  },
  "minecraft:recipes/building_blocks/gray_concrete_powder": {
    "criteria": {
      "has_gravel": "2024-09-21 19:41:51 +0000"
    },
    "done": true
  },
  "minecraft:recipes/building_blocks/black_concrete_powder": {
    "criteria": {
      "has_gravel": "2024-09-21 19:41:51 +0000"
    },
    "done": true
  },
  "minecraft:recipes/building_blocks/purple_concrete_powder": {
    "criteria": {
      "has_gravel": "2024-09-21 19:41:51 +0000"
    },
    "done": true
  },
  "minecraft:recipes/building_blocks/cyan_concrete_powder": {
    "criteria": {
      "has_gravel": "2024-09-21 19:41:51 +0000"
    },
    "done": true
  },
  "minecraft:recipes/combat/diamond_leggings": {
    "criteria": {
      "has_diamond": "2024-09-21 19:41:53 +0000"
    },
    "done": true
  },
  "minecraft:recipes/combat/diamond_sword": {
    "criteria": {
      "has_diamond": "2024-09-21 19:41:53 +0000"
    },
    "done": true
  },
  "minecraft:recipes/decorations/jukebox": {
    "criteria": {
      "has_diamond": "2024-09-21 19:41:53 +0000"
    },
    "done": true
  },
  "minecraft:recipes/combat/diamond_chestplate": {
    "criteria": {
      "has_diamond": "2024-09-21 19:41:53 +0000"
    },
    "done": true
  },
  "minecraft:recipes/tools/diamond_pickaxe": {
    "criteria": {
      "has_diamond": "2024-09-21 19:41:53 +0000"
    },
    "done": true
  },
  "minecraft:recipes/tools/diamond_hoe": {
    "criteria": {
      "has_diamond": "2024-09-21 19:41:53 +0000"
    },
    "done": true
  },
  "minecraft:recipes/tools/diamond_shovel": {
    "criteria": {
      "has_diamond": "2024-09-21 19:41:53 +0000"
    },
    "done": true
  },
  "minecraft:recipes/combat/diamond_boots": {
    "criteria": {
      "has_diamond": "2024-09-21 19:41:53 +0000"
    },
    "done": true
  },
  "minecraft:recipes/combat/diamond_helmet": {
    "criteria": {
      "has_diamond": "2024-09-21 19:41:53 +0000"
    },
    "done": true
  },
  "minecraft:recipes/building_blocks/diamond_block": {
    "criteria": {
      "has_diamond": "2024-09-21 19:41:53 +0000"
    },
    "done": true
  },
  "minecraft:story/mine_diamond": {
    "criteria": {
      "diamond": "2024-09-21 19:41:53 +0000"
    },
    "done": true
  },
  "minecraft:recipes/tools/diamond_axe": {
    "criteria": {
      "has_diamond": "2024-09-21 19:41:53 +0000"
    },
    "done": true
  },
  "minecraft:recipes/building_blocks/glass": {
    "criteria": {
      "has_smelts_to_glass": "2024-09-21 19:42:26 +0000"
    },
    "done": true
  },
  "blazeandcave:building/i_dont_like_sand": {
    "criteria": {
      "sand": "2024-09-21 19:42:26 +0000"
    },
    "done": true
  },
  "minecraft:recipes/building_blocks/sandstone": {
    "criteria": {
      "has_sand": "2024-09-21 19:42:26 +0000"
    },
    "done": true
  },
  "blazeandcave:statistics/loot_em": {
    "criteria": {
      "trigger": "2024-09-21 19:42:31 +0000"
    },
    "done": true
  },
  "minecraft:recipes/misc/gold_ingot_from_nuggets": {
    "criteria": {
      "has_gold_nugget": "2024-09-21 19:42:37 +0000"
    },
    "done": true
  },
  "minecraft:recipes/brewing/golden_carrot": {
    "criteria": {
      "has_gold_nugget": "2024-09-21 19:42:37 +0000"
    },
    "done": true
  },
  "minecraft:recipes/misc/coast_armor_trim_smithing_template_smithing_trim": {
    "criteria": {
      "has_smithing_trim_template": "2024-09-21 19:42:37 +0000"
    },
    "done": true
  },
  "minecraft:recipes/misc/coast_armor_trim_smithing_template": {
    "criteria": {
      "has_coast_armor_trim_smithing_template": "2024-09-21 19:42:37 +0000"
    },
    "done": true
  },
  "blazeandcave:adventure/good_lookin_treasure": {
    "criteria": {
      "trim_templates": "2024-09-21 19:42:37 +0000"
    },
    "done": true
  },
  "minecraft:recipes/decorations/composter": {
    "criteria": {
      "has_wood_slab": "2024-09-21 19:42:45 +0000"
    },
    "done": true
  },
  "blazeandcave:building/slabs_for_days": {
    "criteria": {
      "jungle_slab": "2024-09-21 19:42:45 +0000",
      "spruce_slab": "2024-09-21 21:57:13 +0000"
    },
    "done": false
  },
  "blazeandcave:building/cut_in_half": {
    "criteria": {
      "slab": "2024-09-21 19:42:45 +0000"
    },
    "done": true
  },
  "blazeandcave:building/the_jungler": {
    "criteria": {
      "jungle_slab": "2024-09-21 19:42:45 +0000",
      "jungle_planks": "2024-09-21 19:44:19 +0000",
      "jungle_stairs": "2024-09-21 19:58:17 +0000"
    },
    "done": false
  },
  "blazeandcave:building/stairs_no": {
    "criteria": {
      "stairs": "2024-09-21 19:42:46 +0000"
    },
    "done": true
  },
  "blazeandcave:building/professor_dark_oak": {
    "criteria": {
      "dark_oak_planks": "2024-09-21 19:43:22 +0000",
      "dark_oak_stairs": "2024-09-21 19:42:46 +0000"
    },
    "done": false
  },
  "blazeandcave:building/ah_my_old_enemy": {
    "criteria": {
      "oak_stairs": "2024-09-21 20:57:38 +0000",
      "cobblestone_stairs": "2024-09-21 21:30:01 +0000",
      "birch_stairs": "2024-09-21 20:00:02 +0000",
      "jungle_stairs": "2024-09-21 19:58:17 +0000",
      "dark_oak_stairs": "2024-09-21 19:42:46 +0000"
    },
    "done": false
  },
  "minecraft:recipes/redstone/dark_oak_fence_gate": {
    "criteria": {
      "has_planks": "2024-09-21 19:43:22 +0000"
    },
    "done": true
  },
  "minecraft:recipes/redstone/dark_oak_trapdoor": {
    "criteria": {
      "has_planks": "2024-09-21 19:43:22 +0000"
    },
    "done": true
  },
  "minecraft:recipes/redstone/dark_oak_button": {
    "criteria": {
      "has_planks": "2024-09-21 19:43:22 +0000"
    },
    "done": true
  },
  "minecraft:recipes/building_blocks/dark_oak_stairs": {
    "criteria": {
      "has_planks": "2024-09-21 19:43:22 +0000"
    },
    "done": true
  },
  "minecraft:recipes/redstone/dark_oak_pressure_plate": {
    "criteria": {
      "has_planks": "2024-09-21 19:43:22 +0000"
    },
    "done": true
  },
  "minecraft:recipes/decorations/dark_oak_fence": {
    "criteria": {
      "has_planks": "2024-09-21 19:43:22 +0000"
    },
    "done": true
  },
  "minecraft:recipes/building_blocks/dark_oak_slab": {
    "criteria": {
      "has_planks": "2024-09-21 19:43:22 +0000"
    },
    "done": true
  },
  "minecraft:recipes/redstone/dark_oak_door": {
    "criteria": {
      "has_planks": "2024-09-21 19:43:22 +0000"
    },
    "done": true
  },
  "minecraft:recipes/decorations/dark_oak_sign": {
    "criteria": {
      "has_planks": "2024-09-21 19:43:22 +0000"
    },
    "done": true
  },
  "minecraft:recipes/redstone/jungle_button": {
    "criteria": {
      "has_planks": "2024-09-21 19:44:19 +0000"
    },
    "done": true
  },
  "minecraft:recipes/building_blocks/jungle_stairs": {
    "criteria": {
      "has_planks": "2024-09-21 19:44:19 +0000"
    },
    "done": true
  },
  "minecraft:recipes/redstone/jungle_fence_gate": {
    "criteria": {
      "has_planks": "2024-09-21 19:44:19 +0000"
    },
    "done": true
  },
  "minecraft:recipes/redstone/jungle_trapdoor": {
    "criteria": {
      "has_planks": "2024-09-21 19:44:19 +0000"
    },
    "done": true
  },
  "minecraft:recipes/decorations/jungle_sign": {
    "criteria": {
      "has_planks": "2024-09-21 19:44:19 +0000"
    },
    "done": true
  },
  "minecraft:recipes/redstone/jungle_door": {
    "criteria": {
      "has_planks": "2024-09-21 19:44:19 +0000"
    },
    "done": true
  },
  "minecraft:recipes/decorations/jungle_fence": {
    "criteria": {
      "has_planks": "2024-09-21 19:44:19 +0000"
    },
    "done": true
  },
  "minecraft:recipes/redstone/jungle_pressure_plate": {
    "criteria": {
      "has_planks": "2024-09-21 19:44:19 +0000"
    },
    "done": true
  },
  "minecraft:recipes/building_blocks/jungle_slab": {
    "criteria": {
      "has_planks": "2024-09-21 19:44:19 +0000"
    },
    "done": true
  },
  "minecraft:recipes/food/baked_potato_from_campfire_cooking": {
    "criteria": {
      "has_potato": "2024-09-21 19:44:48 +0000"
    },
    "done": true
  },
  "minecraft:recipes/food/baked_potato": {
    "criteria": {
      "has_potato": "2024-09-21 19:44:48 +0000"
    },
    "done": true
  },
  "minecraft:recipes/food/baked_potato_from_smoking": {
    "criteria": {
      "has_potato": "2024-09-21 19:44:48 +0000"
    },
    "done": true
  },
  "blazeandcave:farming/full_stomach": {
    "criteria": {
      "ten_withers": "2024-09-21 19:44:53 +0000"
    },
    "done": true
  },
  "minecraft:recipes/redstone/target": {
    "criteria": {
      "has_hay_block": "2024-09-21 19:46:30 +0000"
    },
    "done": true
  },
  "minecraft:recipes/misc/wheat": {
    "criteria": {
      "has_hay_block": "2024-09-21 19:46:30 +0000"
    },
    "done": true
  },
  "minecraft:recipes/food/dried_kelp_from_smelting": {
    "criteria": {
      "has_kelp": "2024-09-21 19:49:19 +0000"
    },
    "done": true
  },
  "minecraft:recipes/food/dried_kelp_from_campfire_cooking": {
    "criteria": {
      "has_kelp": "2024-09-21 19:49:19 +0000"
    },
    "done": true
  },
  "blazeandcave:farming/kelp_me": {
    "criteria": {
      "kelp": "2024-09-21 19:49:19 +0000"
    },
    "done": true
  },
  "minecraft:recipes/food/dried_kelp_from_smoking": {
    "criteria": {
      "has_kelp": "2024-09-21 19:49:19 +0000"
    },
    "done": true
  },
  "blazeandcave:biomes/warm_feet": {
    "criteria": {
      "windswept_savanna": "2024-09-21 19:50:17 +0000",
      "savanna": "2024-09-21 20:24:43 +0000"
    },
    "done": false
  },
  "blazeandcave:biomes/dolphin_dasher": {
    "criteria": {
      "dolphins_grace": "2024-09-21 19:51:04 +0000"
    },
    "done": true
  },
  "minecraft:recipes/food/bread": {
    "criteria": {
      "has_wheat": "2024-09-21 19:51:15 +0000"
    },
    "done": true
  },
  "minecraft:recipes/building_blocks/hay_block": {
    "criteria": {
      "has_wheat": "2024-09-21 19:51:15 +0000"
    },
    "done": true
  },
  "blazeandcave:biomes/atlantis": {
    "criteria": {
      "ocean_ruin": "2024-09-21 19:51:43 +0000"
    },
    "done": true
  },
  "minecraft:recipes/misc/paper": {
    "criteria": {
      "has_reeds": "2024-09-21 19:53:47 +0000"
    },
    "done": true
  },
  "blazeandcave:farming/sugar_sugar": {
    "criteria": {
      "sugar_cane": "2024-09-21 19:53:47 +0000"
    },
    "done": true
  },
  "minecraft:recipes/misc/sugar_from_sugar_cane": {
    "criteria": {
      "has_sugar_cane": "2024-09-21 19:53:47 +0000"
    },
    "done": true
  },
  "blazeandcave:weaponry/master_shieldsman": {
    "criteria": {
      "skeleton": "2024-09-21 19:57:02 +0000",
      "zombie": "2024-09-21 20:12:06 +0000",
      "zombie_villager": "2024-09-21 20:25:00 +0000",
      "creeper": "2024-09-21 20:15:32 +0000"
    },
    "done": false
  },
  "minecraft:story/deflect_arrow": {
    "criteria": {
      "deflected_skeleton": "2024-09-21 19:57:02 +0000"
    },
    "done": true
  },
  "blazeandcave:weaponry/shield_luck": {
    "criteria": {
      "deflected_trident": "2024-09-21 19:57:02 +0000"
    },
    "done": true
  },
  "minecraft:adventure/kill_all_mobs": {
    "criteria": {
      "minecraft:skeleton": "2024-09-21 19:57:08 +0000",
      "minecraft:spider": "2024-09-21 20:12:13 +0000",
      "minecraft:zombie": "2024-09-21 20:12:09 +0000",
      "minecraft:creeper": "2024-09-21 22:33:49 +0000",
      "minecraft:zombie_villager": "2024-09-21 20:25:01 +0000"
    },
    "done": false
  },
  "blazeandcave:monsters/spooky_skeleton": {
    "criteria": {
      "skeleton": "2024-09-21 19:57:08 +0000"
    },
    "done": true
  },
  "blazeandcave:monsters/night_runner": {
    "criteria": {
      "skeleton": "2024-09-21 19:57:08 +0000",
      "zombie": "2024-09-21 20:12:09 +0000",
      "zombie_villager": "2024-09-21 20:25:01 +0000",
      "spider": "2024-09-21 20:12:13 +0000",
      "creeper": "2024-09-21 22:33:49 +0000"
    },
    "done": false
  },
  "minecraft:adventure/kill_a_mob": {
    "criteria": {
      "monster_hunter": "2024-09-21 19:57:08 +0000"
    },
    "done": true
  },
  "blazeandcave:animal/delicious_fish": {
    "criteria": {
      "cooked_salmon": "2024-09-21 20:01:29 +0000"
    },
    "done": true
  },
  "blazeandcave:mining/moar_broken_tools": {
    "criteria": {
      "iron_pickaxe": "2024-09-21 20:48:12 +0000",
      "gold_shovel": "2024-09-21 21:53:53 +0000",
      "stone_axe": "2024-09-21 20:03:46 +0000"
    },
    "done": false
  },
  "blazeandcave:mining/aww_it_broke": {
    "criteria": {
      "break_tool": "2024-09-21 20:03:46 +0000"
    },
    "done": true
  },
  "blazeandcave:mining/iron_man": {
    "criteria": {
      "iron_armor": "2024-09-21 20:04:23 +0000"
    },
    "done": true
  },
  "blazeandcave:statistics/spring_in_your_step": {
    "criteria": {
      "trigger": "2024-09-21 20:04:59 +0000"
    },
    "done": true
  },
  "blazeandcave:biomes/the_mighty_jungle": {
    "criteria": {
      "jungle": "2024-09-21 20:05:40 +0000"
    },
    "done": true
  },
  "blazeandcave:biomes/overgrown": {
    "criteria": {
      "sparse_jungle": "2024-09-21 20:05:40 +0000",
      "jungle": "2024-09-21 20:14:10 +0000"
    },
    "done": false
  },
  "blazeandcave:biomes/boatception": {
    "criteria": {
      "boatception": "2024-09-21 20:09:14 +0000"
    },
    "done": true
  },
  "minecraft:recipes/brewing/cauldron": {
    "criteria": {
      "has_water_bucket": "2024-09-21 20:09:14 +0000"
    },
    "done": true
  },
  "blazeandcave:monsters/dead_dont_die": {
    "criteria": {
      "zombie": "2024-09-21 20:12:09 +0000"
    },
    "done": true
  },
  "blazeandcave:monsters/spider_skeleton": {
    "criteria": {
      "skeleton": "2024-09-21 20:12:11 +0000"
    },
    "done": true
  },
  "blazeandcave:monsters/ew_ew_ew": {
    "criteria": {
      "spider": "2024-09-21 20:12:13 +0000"
    },
    "done": true
  },
  "minecraft:recipes/combat/bow": {
    "criteria": {
      "has_string": "2024-09-21 20:12:17 +0000"
    },
    "done": true
  },
  "minecraft:recipes/tools/fishing_rod": {
    "criteria": {
      "has_string": "2024-09-21 20:12:17 +0000"
    },
    "done": true
  },
  "minecraft:recipes/redstone/tripwire_hook": {
    "criteria": {
      "has_string": "2024-09-21 20:12:17 +0000"
    },
    "done": true
  },
  "minecraft:recipes/decorations/candle": {
    "criteria": {
      "has_string": "2024-09-21 20:12:17 +0000"
    },
    "done": true
  },
  "minecraft:recipes/building_blocks/white_wool_from_string": {
    "criteria": {
      "has_string": "2024-09-21 20:12:17 +0000"
    },
    "done": true
  },
  "minecraft:recipes/decorations/loom": {
    "criteria": {
      "has_string": "2024-09-21 20:12:17 +0000"
    },
    "done": true
  },
  "minecraft:recipes/misc/bone_meal": {
    "criteria": {
      "has_bone": "2024-09-21 20:12:22 +0000"
    },
    "done": true
  },
  "blazeandcave:biomes/tarzan": {
    "criteria": {
      "enter_vine": "2024-09-21 20:14:29 +0000"
    },
    "done": true
  },
  "blazeandcave:monsters/blast_shield": {
    "criteria": {
      "deflected_explosion": "2024-09-21 20:15:32 +0000"
    },
    "done": true
  },
  "blazeandcave:animal/pig_slaughterer": {
    "criteria": {
      "porkchop": "2024-09-21 20:18:50 +0000"
    },
    "done": true
  },
  "blazeandcave:monsters/there_has_to_be_another_way": {
    "criteria": {
      "zombie_villager": "2024-09-21 20:25:01 +0000"
    },
    "done": true
  },
  "blazeandcave:building/the_acacia_king": {
    "criteria": {
      "acacia_log": "2024-09-21 20:25:09 +0000",
      "acacia_planks": "2024-09-21 20:25:13 +0000"
    },
    "done": false
  },
  "minecraft:recipes/building_blocks/acacia_wood": {
    "criteria": {
      "has_log": "2024-09-21 20:25:09 +0000"
    },
    "done": true
  },
  "minecraft:recipes/building_blocks/acacia_planks": {
    "criteria": {
      "has_log": "2024-09-21 20:25:09 +0000"
    },
    "done": true
  },
  "minecraft:recipes/redstone/acacia_button": {
    "criteria": {
      "has_planks": "2024-09-21 20:25:13 +0000"
    },
    "done": true
  },
  "minecraft:recipes/redstone/acacia_pressure_plate": {
    "criteria": {
      "has_planks": "2024-09-21 20:25:13 +0000"
    },
    "done": true
  },
  "minecraft:recipes/building_blocks/acacia_slab": {
    "criteria": {
      "has_planks": "2024-09-21 20:25:13 +0000"
    },
    "done": true
  },
  "minecraft:recipes/redstone/acacia_trapdoor": {
    "criteria": {
      "has_planks": "2024-09-21 20:25:13 +0000"
    },
    "done": true
  },
  "minecraft:recipes/building_blocks/acacia_stairs": {
    "criteria": {
      "has_planks": "2024-09-21 20:25:13 +0000"
    },
    "done": true
  },
  "minecraft:recipes/redstone/acacia_door": {
    "criteria": {
      "has_planks": "2024-09-21 20:25:13 +0000"
    },
    "done": true
  },
  "minecraft:recipes/redstone/acacia_fence_gate": {
    "criteria": {
      "has_planks": "2024-09-21 20:25:13 +0000"
    },
    "done": true
  },
  "minecraft:recipes/decorations/acacia_sign": {
    "criteria": {
      "has_planks": "2024-09-21 20:25:13 +0000"
    },
    "done": true
  },
  "minecraft:recipes/decorations/acacia_fence": {
    "criteria": {
      "has_planks": "2024-09-21 20:25:13 +0000"
    },
    "done": true
  },
  "blazeandcave:farming/hay_there": {
    "criteria": {
      "hay_block": "2024-09-21 20:26:22 +0000"
    },
    "done": true
  },
  "minecraft:recipes/misc/white_dye": {
    "criteria": {
      "has_bone_meal": "2024-09-21 20:30:22 +0000"
    },
    "done": true
  },
  "blazeandcave:monsters/boned": {
    "criteria": {
      "bone_meal": "2024-09-21 20:30:22 +0000"
    },
    "done": true
  },
  "minecraft:recipes/building_blocks/bone_block": {
    "criteria": {
      "has_bone_meal": "2024-09-21 20:30:22 +0000"
    },
    "done": true
  },
  "blazeandcave:farming/combine_harvester": {
    "criteria": {
      "spruce_sapling": "2024-09-21 20:31:08 +0000"
    },
    "done": false
  },
  "blazeandcave:farming/one_course_meal": {
    "criteria": {
      "bone_meal": "2024-09-21 20:31:10 +0000"
    },
    "done": true
  },
  "blazeandcave:mining/coal_miner": {
    "criteria": {
      "coal": "2024-09-21 20:32:26 +0000"
    },
    "done": true
  },
  "blazeandcave:building/spruce_lee": {
    "criteria": {
      "spruce_boat": "2024-09-21 20:57:14 +0000",
      "spruce_slab": "2024-09-21 21:57:13 +0000",
      "spruce_planks": "2024-09-21 20:54:25 +0000",
      "spruce_trapdoor": "2024-09-21 20:54:51 +0000",
      "spruce_log": "2024-09-21 20:32:47 +0000"
    },
    "done": false
  },
  "minecraft:recipes/building_blocks/spruce_wood": {
    "criteria": {
      "has_log": "2024-09-21 20:32:47 +0000"
    },
    "done": true
  },
  "minecraft:recipes/building_blocks/spruce_planks": {
    "criteria": {
      "has_logs": "2024-09-21 20:32:47 +0000"
    },
    "done": true
  },
  "blazeandcave:building/a_good_start": {
    "criteria": {
      "spruce_log": "2024-09-21 20:33:46 +0000"
    },
    "done": true
  },
  "blazeandcave:building/master_logger": {
    "criteria": {
      "spruce_log": "2024-09-21 20:33:46 +0000"
    },
    "done": false
  },
  "minecraft:recipes/misc/yellow_dye_from_dandelion": {
    "criteria": {
      "has_dandelion": "2024-09-21 20:44:38 +0000"
    },
    "done": true
  },
  "minecraft:recipes/misc/flower_banner_pattern": {
    "criteria": {
      "has_oxeye_daisy": "2024-09-21 20:44:56 +0000"
    },
    "done": true
  },
  "minecraft:recipes/misc/light_gray_dye_from_oxeye_daisy": {
    "criteria": {
      "has_oxeye_daisy": "2024-09-21 20:44:56 +0000"
    },
    "done": true
  },
  "minecraft:recipes/building_blocks/mossy_cobblestone_stairs_from_mossy_cobblestone_stonecutting": {
    "criteria": {
      "has_mossy_cobblestone": "2024-09-21 20:45:37 +0000"
    },
    "done": true
  },
  "minecraft:recipes/building_blocks/mossy_cobblestone_slab": {
    "criteria": {
      "has_mossy_cobblestone": "2024-09-21 20:45:37 +0000"
    },
    "done": true
  },
  "minecraft:recipes/building_blocks/mossy_cobblestone_stairs": {
    "criteria": {
      "has_mossy_cobblestone": "2024-09-21 20:45:37 +0000"
    },
    "done": true
  },
  "minecraft:recipes/decorations/mossy_cobblestone_wall": {
    "criteria": {
      "has_mossy_cobblestone": "2024-09-21 20:45:37 +0000"
    },
    "done": true
  },
  "minecraft:recipes/building_blocks/mossy_cobblestone_slab_from_mossy_cobblestone_stonecutting": {
    "criteria": {
      "has_mossy_cobblestone": "2024-09-21 20:45:37 +0000"
    },
    "done": true
  },
  "minecraft:recipes/decorations/mossy_cobblestone_wall_from_mossy_cobblestone_stonecutting": {
    "criteria": {
      "has_mossy_cobblestone": "2024-09-21 20:45:37 +0000"
    },
    "done": true
  },
  "minecraft:recipes/building_blocks/andesite_stairs": {
    "criteria": {
      "has_andesite": "2024-09-21 20:46:04 +0000"
    },
    "done": true
  },
  "minecraft:recipes/decorations/andesite_wall_from_andesite_stonecutting": {
    "criteria": {
      "has_andesite": "2024-09-21 20:46:04 +0000"
    },
    "done": true
  },
  "minecraft:recipes/building_blocks/polished_andesite_slab_from_andesite_stonecutting": {
    "criteria": {
      "has_andesite": "2024-09-21 20:46:04 +0000"
    },
    "done": true
  },
  "minecraft:recipes/building_blocks/andesite_slab_from_andesite_stonecutting": {
    "criteria": {
      "has_andesite": "2024-09-21 20:46:04 +0000"
    },
    "done": true
  },
  "minecraft:recipes/building_blocks/andesite_stairs_from_andesite_stonecutting": {
    "criteria": {
      "has_andesite": "2024-09-21 20:46:04 +0000"
    },
    "done": true
  },
  "minecraft:recipes/building_blocks/polished_andesite_from_andesite_stonecutting": {
    "criteria": {
      "has_andesite": "2024-09-21 20:46:04 +0000"
    },
    "done": true
  },
  "minecraft:recipes/building_blocks/polished_andesite": {
    "criteria": {
      "has_andesite": "2024-09-21 20:46:04 +0000"
    },
    "done": true
  },
  "minecraft:recipes/decorations/andesite_wall": {
    "criteria": {
      "has_andesite": "2024-09-21 20:46:04 +0000"
    },
    "done": true
  },
  "minecraft:recipes/building_blocks/andesite_slab": {
    "criteria": {
      "has_andesite": "2024-09-21 20:46:04 +0000"
    },
    "done": true
  },
  "minecraft:recipes/building_blocks/polished_andesite_stairs_from_andesite_stonecutting": {
    "criteria": {
      "has_andesite": "2024-09-21 20:46:04 +0000"
    },
    "done": true
  },
  "blazeandcave:mining/even_moar_tools": {
    "criteria": {
      "diamond_pickaxe": "2024-09-21 20:48:28 +0000"
    },
    "done": false
  },
  "blazeandcave:mining/iconic_merchandising_prop": {
    "criteria": {
      "diamond_pickaxe": "2024-09-21 20:48:28 +0000"
    },
    "done": true
  },
  "minecraft:recipes/misc/light_gray_dye_from_azure_bluet": {
    "criteria": {
      "has_azure_bluet": "2024-09-21 20:51:08 +0000"
    },
    "done": true
  },
  "minecraft:recipes/decorations/spruce_sign": {
    "criteria": {
      "has_planks": "2024-09-21 20:54:25 +0000"
    },
    "done": true
  },
  "minecraft:recipes/decorations/spruce_fence": {
    "criteria": {
      "has_planks": "2024-09-21 20:54:25 +0000"
    },
    "done": true
  },
  "minecraft:recipes/building_blocks/spruce_slab": {
    "criteria": {
      "has_planks": "2024-09-21 20:54:25 +0000"
    },
    "done": true
  },
  "minecraft:recipes/redstone/spruce_button": {
    "criteria": {
      "has_planks": "2024-09-21 20:54:25 +0000"
    },
    "done": true
  },
  "minecraft:recipes/redstone/spruce_pressure_plate": {
    "criteria": {
      "has_planks": "2024-09-21 20:54:25 +0000"
    },
    "done": true
  },
  "minecraft:recipes/redstone/spruce_trapdoor": {
    "criteria": {
      "has_planks": "2024-09-21 20:54:25 +0000"
    },
    "done": true
  },
  "minecraft:recipes/redstone/spruce_door": {
    "criteria": {
      "has_planks": "2024-09-21 20:54:25 +0000"
    },
    "done": true
  },
  "minecraft:recipes/redstone/spruce_fence_gate": {
    "criteria": {
      "has_planks": "2024-09-21 20:54:25 +0000"
    },
    "done": true
  },
  "minecraft:recipes/building_blocks/spruce_stairs": {
    "criteria": {
      "has_planks": "2024-09-21 20:54:25 +0000"
    },
    "done": true
  },
  "blazeandcave:building/its_a_trap": {
    "criteria": {
      "trapdoor": "2024-09-21 20:55:21 +0000"
    },
    "done": true
  },
  "blazeandcave:building/sharpening_station": {
    "criteria": {
      "grindstone": "2024-09-21 21:20:12 +0000"
    },
    "done": true
  },
  "minecraft:nether/brew_potion": {
    "criteria": {
      "brewing_stand": "2024-09-21 21:20:47 +0000"
    },
    "done": true
  },
  "blazeandcave:bacap/nether_milestone": {
    "criteria": {
      "local_brewery": "2024-09-21 21:20:47 +0000"
    },
    "done": false
  },
  "blazeandcave:building/ladder_climbers_inc": {
    "criteria": {
      "enter_ladder": "2024-09-21 21:27:55 +0000"
    },
    "done": true
  },
  "blazeandcave:building/crazy_walls": {
    "criteria": {
      "cobblestone_wall": "2024-09-21 21:30:03 +0000"
    },
    "done": false
  },
  "minecraft:recipes/decorations/blast_furnace": {
    "criteria": {
      "has_smooth_stone": "2024-09-21 21:31:15 +0000"
    },
    "done": true
  },
  "minecraft:recipes/building_blocks/smooth_stone_slab": {
    "criteria": {
      "has_smooth_stone": "2024-09-21 21:31:15 +0000"
    },
    "done": true
  },
  "minecraft:recipes/building_blocks/smooth_stone_slab_from_smooth_stone_stonecutting": {
    "criteria": {
      "has_smooth_stone": "2024-09-21 21:31:15 +0000"
    },
    "done": true
  },
  "blazeandcave:building/smooth_dude": {
    "criteria": {
      "smooth_stone": "2024-09-21 21:31:15 +0000"
    },
    "done": true
  },
  "blazeandcave:mining/weve_broken_our_last_shovel": {
    "criteria": {
      "gold_shovel": "2024-09-21 21:53:53 +0000"
    },
    "done": false
  },
  "blazeandcave:weaponry/that_is_so_fletch": {
    "criteria": {
      "fletching_table": "2024-09-21 21:55:58 +0000"
    },
    "done": true
  },
  "blazeandcave:adventure/town_planner": {
    "criteria": {
      "fletching_table": "2024-09-21 22:09:23 +0000",
      "grindstone": "2024-09-21 22:23:08 +0000",
      "blast_furnace": "2024-09-21 22:31:24 +0000"
    },
    "done": false
  },
  "blazeandcave:adventure/businessman": {
    "criteria": {
      "fletcher": "2024-09-21 22:12:42 +0000",
      "armorer": "2024-09-21 22:31:34 +0000",
      "weapon_smith": "2024-09-21 22:23:37 +0000"
    },
    "done": false
  },
  "blazeandcave:adventure/traveller": {
    "criteria": {
      "plains": "2024-09-21 22:12:42 +0000"
    },
    "done": false
  },
  "minecraft:adventure/trade": {
    "criteria": {
      "trade": "2024-09-21 22:12:42 +0000"
    },
    "done": true
  },
  "blazeandcave:challenges/stockbroker": {
    "criteria": {
      "fletcher_plains": "2024-09-21 22:12:42 +0000",
      "armorer_plains": "2024-09-21 22:31:34 +0000",
      "weapon_smith_plains": "2024-09-21 22:23:37 +0000"
    },
    "done": false
  },
  "minecraft:recipes/building_blocks/stone_bricks": {
    "criteria": {
      "has_stone": "2024-09-21 22:14:55 +0000"
    },
    "done": true
  },
  "minecraft:recipes/building_blocks/stone_bricks_from_stone_stonecutting": {
    "criteria": {
      "has_stone": "2024-09-21 22:14:55 +0000"
    },
    "done": true
  },
  "minecraft:recipes/building_blocks/stone_slab": {
    "criteria": {
      "has_stone": "2024-09-21 22:14:55 +0000"
    },
    "done": true
  },
  "minecraft:recipes/building_blocks/stone_stairs_from_stone_stonecutting": {
    "criteria": {
      "has_stone": "2024-09-21 22:14:55 +0000"
    },
    "done": true
  },
  "minecraft:recipes/redstone/stone_button": {
    "criteria": {
      "has_stone": "2024-09-21 22:14:55 +0000"
    },
    "done": true
  },
  "minecraft:recipes/decorations/stonecutter": {
    "criteria": {
      "has_stone": "2024-09-21 22:14:55 +0000"
    },
    "done": true
  },
  "minecraft:recipes/redstone/stone_pressure_plate": {
    "criteria": {
      "has_stone": "2024-09-21 22:14:55 +0000"
    },
    "done": true
  },
  "minecraft:recipes/building_blocks/smooth_stone": {
    "criteria": {
      "has_stone": "2024-09-21 22:14:55 +0000"
    },
    "done": true
  },
  "blazeandcave:building/its_original_form": {
    "criteria": {
      "stone": "2024-09-21 22:14:55 +0000"
    },
    "done": true
  },
  "minecraft:recipes/decorations/stone_brick_walls_from_stone_stonecutting": {
    "criteria": {
      "has_stone": "2024-09-21 22:14:55 +0000"
    },
    "done": true
  },
  "minecraft:recipes/building_blocks/stone_brick_slab_from_stone_stonecutting": {
    "criteria": {
      "has_stone": "2024-09-21 22:14:55 +0000"
    },
    "done": true
  },
  "minecraft:recipes/building_blocks/stone_brick_stairs_from_stone_stonecutting": {
    "criteria": {
      "has_stone": "2024-09-21 22:14:55 +0000"
    },
    "done": true
  },
  "minecraft:recipes/building_blocks/stone_slab_from_stone_stonecutting": {
    "criteria": {
      "has_stone": "2024-09-21 22:14:55 +0000"
    },
    "done": true
  },
  "minecraft:recipes/building_blocks/chiseled_stone_bricks_stone_from_stonecutting": {
    "criteria": {
      "has_stone": "2024-09-21 22:14:55 +0000"
    },
    "done": true
  },
  "minecraft:recipes/building_blocks/stone_stairs": {
    "criteria": {
      "has_stone": "2024-09-21 22:14:55 +0000"
    },
    "done": true
  },
  "blazeandcave:building/blast_it": {
    "criteria": {
      "blast_furnace": "2024-09-21 22:15:39 +0000"
    },
    "done": true
  },
  "blazeandcave:monsters/what_a_creep": {
    "criteria": {
      "creeper": "2024-09-21 22:33:49 +0000"
    },
    "done": true
  },
  "minecraft:recipes/misc/firework_rocket_simple": {
    "criteria": {
      "has_gunpowder": "2024-09-21 22:33:49 +0000"
    },
    "done": true
  },
  "minecraft:recipes/redstone/tnt": {
    "criteria": {
      "has_gunpowder": "2024-09-21 22:33:49 +0000"
    },
    "done": true
  },
  "blazeandcave:statistics/level_up": {
    "criteria": {
      "trigger": "2024-09-21 22:33:50 +0000"
    },
    "done": true
  },
  "blazeandcave:mining/strike_a_light": {
    "criteria": {
      "candle": "2024-09-21 22:55:21 +0000"
    },
    "done": true
  },
  "DataVersion": 3955
}